,_step,epoch,_runtime,_timestamp,train/prec_loss,train/c_accuracy,train/total_loss,train/y_accuracy,train/target_loss,train/concepts_loss,train/target_jaccard,train/concept_jaccard,train/complete_c_accuracy,validation/c_ECE,validation/y_ECE,validation/c_AUPR,validation/y_AUPR,validation/c_AUROC,validation/c_Brier,validation/y_AUROC,validation/y_Brier,validation/c_TL-ECE,validation/y_TL-ECE,validation/prec_loss,validation/c_accuracy,validation/total_loss,validation/y_accuracy,validation/target_loss,validation/concepts_loss,validation/target_jaccard,validation/concept_jaccard,validation/complete_c_accuracy,intervention_hard_random/c_accuracy,intervention/num_concepts_intervened,intervention_hard_random/c_Brier,intervention_hard_random/prec_loss,intervention_hard_random/concept_jaccard,intervention_hard_random/y_Brier,intervention_hard_random/c_AUROC,intervention_hard_random/c_AUPR,intervention_hard_random/y_ECE,intervention_hard_random/target_jaccard,intervention_hard_random/c_ECE,intervention_hard_random/concepts_loss,intervention_hard_random/y_AUROC,intervention_hard_random/y_accuracy,intervention_hard_random/y_TL-ECE,intervention_hard_random/total_loss,intervention_hard_random/y_AUPR,intervention_hard_random/target_loss,intervention_hard_random/complete_c_accuracy,intervention_hard_random/c_TL-ECE,intervention_hard_prob_unc/y_TL-ECE,intervention_hard_prob_unc/total_loss,intervention_hard_prob_unc/c_ECE,intervention_hard_prob_unc/c_TL-ECE,intervention_hard_prob_unc/target_loss,intervention_hard_prob_unc/y_accuracy,intervention_hard_prob_unc/c_accuracy,intervention_hard_prob_unc/c_AUROC,intervention_hard_prob_unc/complete_c_accuracy,intervention_hard_prob_unc/y_AUPR,intervention_hard_prob_unc/concepts_loss,intervention_hard_prob_unc/target_jaccard,intervention_hard_prob_unc/y_Brier,intervention_hard_prob_unc/c_Brier,intervention_hard_prob_unc/y_ECE,intervention_hard_prob_unc/prec_loss,intervention_hard_prob_unc/y_AUROC,intervention_hard_prob_unc/c_AUPR,intervention_hard_prob_unc/concept_jaccard
0,10,10.0,368.170458601,1743587941.5684378,0.0,0.9100450277328492,29.231853485107425,0.060388512909412384,4.97529411315918,24.256555557250977,0.03113433485739168,0.6081160991474893,0.013724662363529204,,,,,,,,,,,,,,,,,,,,,,,,,,,,,,,,,,,,,,,,,,,,,,,,,,,,,,,,,,
1,22,22.0,666.745036445,1743588240.1430318,0.0,0.9468979835510254,19.921987533569336,0.3338260054588318,4.290155410766602,15.631831169128418,0.2003548346217209,0.7600991389222475,0.15181587636470795,,,,,,,,,,,,,,,,,,,,,,,,,,,,,,,,,,,,,,,,,,,,,,,,,,,,,,,,,,
2,27,27.0,792.317809061,1743588365.7158113,0.0,0.9561395049095154,17.365327835083008,0.4480574429035187,3.988299369812012,13.377030372619627,0.28870748299319726,0.7996210326859309,0.24577702581882477,,,,,,,,,,,,,,,,,,,,,,,,,,,,,,,,,,,,,,,,,,,,,,,,,,,,,,,,,,
3,28,28.0,817.681585133,1743588391.079561,0.0,0.9553382992744446,17.337310791015625,0.4649493098258972,3.9391818046569824,13.398131370544434,0.30288858321870704,0.7960536510614852,0.2421875,,,,,,,,,,,,,,,,,,,,,,,,,,,,,,,,,,,,,,,,,,,,,,,,,,,,,,,,,,
4,41,40.0,1154.996849974,1743588728.3948605,0.0,0.9677583575248718,13.220669746398926,0.6602618098258972,3.2559664249420166,9.964702606201172,0.4928289992119779,0.8505370423778437,0.4345439374446869,,,,,,,,,,,,,,,,,,,,,,,,,,,,,,,,,,,,,,,,,,,,,,,,,,,,,,,,,,
5,43,42.0,1204.976501384,1743588778.3745444,0.0,0.9682899713516236,12.989816665649414,0.6750422120094299,3.156132459640503,9.833685874938965,0.5094820717131474,0.8525776990902239,0.45249155163764954,,,,,,,,,,,,,,,,,,,,,,,,,,,,,,,,,,,,,,,,,,,,,,,,,,,,,,,,,,
6,49,48.0,1359.348725922,1743588932.746653,0.0,0.9719058871269226,11.638503074645996,0.724662184715271,2.8540074825286865,8.78449535369873,0.5682119205298013,0.8686574004706547,0.5310388803482056,,,,,,,,,,,,,,,,,,,,,,,,,,,,,,,,,,,,,,,,,,,,,,,,,,,,,,,,,,
7,51,50.0,1410.510539345,1743588983.90861,0.0,0.9728108048439026,11.17580795288086,0.7350084185600281,2.7544052600860596,8.421401977539062,0.5810382240026707,0.8727927037945208,0.5475084781646729,,,,,,,,,,,,,,,,,,,,,,,,,,,,,,,,,,,,,,,,,,,,,,,,,,,,,,,,,,
8,56,55.0,1536.368675034,1743589109.7663352,0.0,0.9747224450111388,10.404707908630373,0.7660472989082336,2.526345729827881,7.878363609313965,0.6208076659822039,0.8814238337386691,0.5802364945411682,,,,,,,,,,,,,,,,,,,,,,,,,,,,,,,,,,,,,,,,,,,,,,,,,,,,,,,,,,
9,59,58.0,1612.315203122,1743589185.7130835,0.0,0.9750203490257264,9.972387313842772,0.7846283912658691,2.404137372970581,7.568249702453613,0.645587213342599,0.8825812626280529,0.5941722989082336,,,,,,,,,,,,,,,,,,,,,,,,,,,,,,,,,,,,,,,,,,,,,,,,,,,,,,,,,,
10,62,60.0,1667.895305684,1743589241.293233,,,,,,,,,,0.0173,0.4908,0.9295,0.7073,0.9791,0.036,0.9864,0.8075,0.0431,0.5057,0.0,0.95224928855896,16.881155014038086,0.6218698024749756,2.633190155029297,14.247965812683104,0.4512416717141126,0.7847544177921119,0.3631051778793335,,,,,,,,,,,,,,,,,,,,,,,,,,,,,,,,,,,,,,,
11,65,63.0,1744.582338217,1743589317.980335,0.0,0.9759629964828492,9.601768493652344,0.8034206032752991,2.2216529846191406,7.380116939544678,0.6714310922886889,0.8866817757632316,0.6184543967247009,,,,,,,,,,,,,,,,,,,,,,,,,,,,,,,,,,,,,,,,,,,,,,,,,,,,,,,,,,
12,72,70.0,1922.027480787,1743589495.4253576,0.0,0.9795053601264954,8.310823440551758,0.8393158912658691,1.9421024322509768,6.368720054626465,0.7231217027469529,0.9029764826632156,0.6807432770729065,,,,,,,,,,,,,,,,,,,,,,,,,,,,,,,,,,,,,,,,,,,,,,,,,,,,,,,,,,
13,73,71.0,1947.157369839,1743589520.5552945,0.0,0.9788851141929626,8.402896881103516,0.8344594836235046,1.924162983894348,6.478731632232666,0.7159420289855073,0.9001471047118085,0.6697635054588318,,,,,,,,,,,,,,,,,,,,,,,,,,,,,,,,,,,,,,,,,,,,,,,,,,,,,,,,,,
14,79,77.0,2097.629322538,1743589671.027357,0.0,0.9792282581329346,7.955409049987793,0.8521959185600281,1.7503554821014404,6.205052375793457,0.7424576894775571,0.9017408054792566,0.6946790814399719,,,,,,,,,,,,,,,,,,,,,,,,,,,,,,,,,,,,,,,,,,,,,,,,,,,,,,,,,,
15,80,78.0,2122.96392004,1743589696.3619142,0.0,0.9797221422195436,7.874792098999023,0.8566300868988037,1.7220234870910645,6.152768135070801,0.7492151431209603,0.9039522797492544,0.6957347989082336,,,,,,,,,,,,,,,,,,,,,,,,,,,,,,,,,,,,,,,,,,,,,,,,,,,,,,,,,,
16,83,81.0,2198.649836618,1743589772.0477247,0.0,0.9805215001106262,7.497390270233154,0.8619087934494019,1.6338239908218384,5.863563060760498,0.7573283858998144,0.9076023287217964,0.7067145705223083,,,,,,,,,,,,,,,,,,,,,,,,,,,,,,,,,,,,,,,,,,,,,,,,,,,,,,,,,,
17,98,95.0,2554.374484939,1743590127.7723074,0.0,0.9814453125,6.912303924560547,0.8790118098258972,1.3453902006149292,5.566914081573486,0.7841401393859484,0.9119339280760936,0.7438766956329346,,,,,,,,,,,,,,,,,,,,,,,,,,,,,,,,,,,,,,,,,,,,,,,,,,,,,,,,,,
18,99,96.0,2579.486678074,1743590152.8845816,0.0,0.9822465181350708,6.645525932312012,0.8861908912658691,1.3156369924545288,5.329889297485352,0.7956398104265403,0.915608449012878,0.7476773858070374,,,,,,,,,,,,,,,,,,,,,,,,,,,,,,,,,,,,,,,,,,,,,,,,,,,,,,,,,,
19,102,99.0,2654.882112762,1743590228.2801318,0.0,0.9829007387161256,6.371617794036865,0.8899915814399719,1.2511646747589111,5.120452880859375,0.8017880920677193,0.9186240556981105,0.7603462934494019,,,,,,,,,,,,,,,,,,,,,,,,,,,,,,,,,,,,,,,,,,,,,,,,,,,,,,,,,,
20,109,106.0,2832.294648515,1743590405.6926754,0.0,0.983000636100769,6.25473165512085,0.8891469836235046,1.150376558303833,5.1043548583984375,0.8004181714502946,0.9191206149595916,0.7588682770729065,,,,,,,,,,,,,,,,,,,,,,,,,,,,,,,,,,,,,,,,,,,,,,,,,,,,,,,,,,
21,115,112.0,2982.673155543,1743590556.071183,0.0,0.9820881485939026,6.409603595733643,0.8912584185600281,1.0918618440628052,5.3177409172058105,0.80384688630737,0.9148823708587912,0.7516891956329346,,,,,,,,,,,,,,,,,,,,,,,,,,,,,,,,,,,,,,,,,,,,,,,,,,,,,,,,,,
22,118,115.0,3058.030274733,1743590631.4282837,0.0,0.9836491346359252,5.880127429962158,0.8954814076423645,1.0386682748794556,4.841459274291992,0.8107436436627796,0.9220032914557048,0.7785050868988037,,,,,,,,,,,,,,,,,,,,,,,,,,,,,,,,,,,,,,,,,,,,,,,,,,,,,,,,,,
23,127,123.0,3264.617438698,1743590838.0154371,0.0,0.9830345511436462,5.900114059448242,0.8975929021835327,0.9670175313949584,4.933096408843994,0.8142118368128711,0.9192436778721036,0.7738597989082336,,,,,,,,,,,,,,,,,,,,,,,,,,,,,,,,,,,,,,,,,,,,,,,,,,,,,,,,,,
24,128,124.0,3289.671412967,1743590863.0694125,0.0,0.9846068620681764,5.4703168869018555,0.904349684715271,0.9179585576057434,4.552358627319336,0.8253998843707844,0.9265479799569992,0.7924408912658691,,,,,,,,,,,,,,,,,,,,,,,,,,,,,,,,,,,,,,,,,,,,,,,,,,,,,,,,,,
25,136,132.0,3494.285397091,1743591067.6834304,0.0,0.9838659763336182,5.56389856338501,0.9026604890823364,0.8739644885063171,4.689934730529785,0.8225899557436983,0.923228734951648,0.7869510054588318,,,,,,,,,,,,,,,,,,,,,,,,,,,,,,,,,,,,,,,,,,,,,,,,,,,,,,,,,,
26,137,133.0,3519.889116391,1743591093.2871685,0.0,0.9839847087860109,5.5033769607543945,0.9047719836235046,0.8648428916931152,4.638533592224121,0.8261037208405629,0.923674752920036,0.78125,,,,,,,,,,,,,,,,,,,,,,,,,,,,,,,,,,,,,,,,,,,,,,,,,,,,,,,,,,
27,144,140.0,3698.545407857,1743591271.9433982,0.0,0.9838094115257264,5.512063980102539,0.9077280163764954,0.8244486451148987,4.687616348266602,0.8310458148076552,0.9229340344768792,0.7882179021835327,,,,,,,,,,,,,,,,,,,,,,,,,,,,,,,,,,,,,,,,,,,,,,,,,,,,,,,,,,
28,153,149.0,3929.425575128,1743591502.823423,0.0,0.9850159883499146,5.089056968688965,0.9136402010917664,0.7469569444656372,4.342100143432617,0.8410106899902818,0.928395751313075,0.8029983043670654,,,,,,,,,,,,,,,,,,,,,,,,,,,,,,,,,,,,,,,,,,,,,,,,,,,,,,,,,,
29,159,154.0,4062.209442243,1743591635.60721,0.0,0.9865335822105408,4.557729244232178,0.9233530163764954,0.6896888613700867,3.868039608001709,0.8576191410080408,0.9354882410317548,0.8353040814399719,,,,,,,,,,,,,,,,,,,,,,,,,,,,,,,,,,,,,,,,,,,,,,,,,,,,,,,,,,
30,162,157.0,4138.420004724,1743591711.8178654,0.0,0.9874781370162964,4.335896015167236,0.9269425868988036,0.6678006052970886,3.668095827102661,0.8638331365604093,0.9399327159600636,0.8450168967247009,,,,,,,,,,,,,,,,,,,,,,,,,,,,,,,,,,,,,,,,,,,,,,,,,,,,,,,,,,
31,164,159.0,4187.917857793,1743591761.3158665,0.0,0.9868503212928772,4.505763053894043,0.9269425868988036,0.6758623123168945,3.829900741577149,0.8638331365604093,0.9369918699186992,0.8401604890823364,,,,,,,,,,,,,,,,,,,,,,,,,,,,,,,,,,,,,,,,,,,,,,,,,,,,,,,,,,
32,177,172.0,4520.645522075,1743592094.0434592,0.0,0.9885036945343018,3.9967448711395264,0.93433278799057,0.6079078912734985,3.3888373374938965,0.8767584703784427,0.944796994523152,0.8602195978164673,,,,,,,,,,,,,,,,,,,,,,,,,,,,,,,,,,,,,,,,,,,,,,,,,,,,,,,,,,
33,211,205.0,5373.000257396,1743592946.3982413,0.0,0.9894217848777772,3.585489273071289,0.94214528799057,0.518713653087616,3.0667760372161865,0.8906187624750499,0.9491503919525126,0.8695101737976074,,,,,,,,,,,,,,,,,,,,,,,,,,,,,,,,,,,,,,,,,,,,,,,,,,,,,,,,,,
34,222,215.0,5635.618165816,1743593209.0161626,0.0,0.9898026585578918,3.45247220993042,0.943412184715271,0.49320459365844727,2.959266185760498,0.8928856914468425,0.9509107244956302,0.8686655759811401,,,,,,,,,,,,,,,,,,,,,,,,,,,,,,,,,,,,,,,,,,,,,,,,,,,,,,,,,,
35,225,218.0,5713.432685058,1743593286.830529,0.0,0.9899383783340454,3.448517084121704,0.9444679021835328,0.48796266317367554,2.960554838180542,0.8947789557911582,0.9515698729582576,0.8718327879905701,,,,,,,,,,,,,,,,,,,,,,,,,,,,,,,,,,,,,,,,,,,,,,,,,,,,,,,,,,
36,233,226.0,5917.980288871,1743593491.378165,0.0,0.9901778101921082,3.406750202178955,0.9465793967247008,0.4785996079444885,2.9281506538391113,0.8985768691120465,0.9527042974636432,0.8794341683387756,,,,,,,,,,,,,,,,,,,,,,,,,,,,,,,,,,,,,,,,,,,,,,,,,,,,,,,,,,
37,241,234.0,6120.970672256,1743593694.3687005,0.0,0.9907792210578918,3.1816561222076416,0.947212815284729,0.4489213526248932,2.7327351570129395,0.8997192137986362,0.9555400012726232,0.8769003748893738,,,,,,,,,,,,,,,,,,,,,,,,,,,,,,,,,,,,,,,,,,,,,,,,,,,,,,,,,,
38,243,236.0,6172.46143085,1743593745.8593647,0.0,0.990379512310028,3.285277843475342,0.9453125,0.4614565968513489,2.8238210678100586,0.8962962962962963,0.9536499632142564,0.8819679021835327,,,,,,,,,,,,,,,,,,,,,,,,,,,,,,,,,,,,,,,,,,,,,,,,,,,,,,,,,,
39,251,243.0,6351.426199404,1743593924.8241882,0.0,0.98831707239151,3.889575481414795,0.9362331032752992,0.4965459406375885,3.3930294513702393,0.8801111552203256,0.9439297153507898,0.8640202879905701,,,,,,,,,,,,,,,,,,,,,,,,,,,,,,,,,,,,,,,,,,,,,,,,,,,,,,,,,,
40,253,245.0,6401.555518506,1743593974.9535537,0.0,0.9898233413696288,3.3960161209106445,0.9436233043670654,0.4596588611602783,2.9363579750061035,0.893264041575055,0.951024333593424,0.879011869430542,,,,,,,,,,,,,,,,,,,,,,,,,,,,,,,,,,,,,,,,,,,,,,,,,,,,,,,,,,
41,272,264.0,6887.021385657,1743594460.419238,0.0,0.9901589751243592,3.286375045776367,0.945945918560028,0.4296931326389313,2.856682538986206,0.8974358974358975,0.9525325088660545,0.8769003748893738,,,,,,,,,,,,,,,,,,,,,,,,,,,,,,,,,,,,,,,,,,,,,,,,,,,,,,,,,,
42,274,266.0,6938.92722517,1743594512.325233,0.0,0.9900760054588318,3.3099968433380127,0.9432010054588318,0.4296182096004486,2.8803772926330566,0.8925074925074925,0.952201943158086,0.8826013803482056,,,,,,,,,,,,,,,,,,,,,,,,,,,,,,,,,,,,,,,,,,,,,,,,,,,,,,,,,,
43,291,282.0,7347.255285211,1743594920.6532977,0.0,0.9909300208091736,3.0536227226257324,0.9529138803482056,0.3917653858661651,2.6618571281433105,0.9100625126033476,0.9562715869841848,0.8857685923576355,,,,,,,,,,,,,,,,,,,,,,,,,,,,,,,,,,,,,,,,,,,,,,,,,,,,,,,,,,
44,295,286.0,7448.071442922,1743595021.4693213,0.0,0.9906453490257264,3.0969200134277344,0.9482685923576356,0.398517370223999,2.6984033584594727,0.9016261794820316,0.9549056672361772,0.8889358043670654,,,,,,,,,,,,,,,,,,,,,,,,,,,,,,,,,,,,,,,,,,,,,,,,,,,,,,,,,,
45,303,294.0,7649.886735213,1743595223.284428,0.0,0.9910016655921936,2.947822332382202,0.9522804021835328,0.3815505802631378,2.5662713050842285,0.9089076985086658,0.9566425943589044,0.8935810923576355,,,,,,,,,,,,,,,,,,,,,,,,,,,,,,,,,,,,,,,,,,,,,,,,,,,,,,,,,,
46,316,,7964.234907147,1743595537.6334016,,,,,,,,,,,,,,,,,,,,,,,,,,,,,0.95022714138031,0.0,,,,,,,,,,,,,,,,,,,,,,,,,,,,,,,,,,,,,
47,346,,7978.667459483,1743595552.0660138,,,,,,,,,,,,,,,,,,,,,,,,,,,,,,1.0,0.0387,,,,,,,,,,,,,,,,,,,,,,,,,,,,,,,,,,,,
48,350,,7986.404667908,1743595559.760414,,,,,,,,,,,,,,,,,,,,,,,,,,,,,,2.0,,0.0,,,,,,,,,,,,,,,,,,,,,,,,,,,,,,,,,,,
49,357,,7986.404804438,1743595559.7608783,,,,,,,,,,,,,,,,,,,,,,,,,,,,,,2.0,,,0.7779908592705614,,,,,,,,,,,,,,,,,,,,,,,,,,,,,,,,,,
50,360,,7986.404859249,1743595559.7610073,,,,,,,,,,,,,,,,,,,,,,,,,,,,,,2.0,,,,0.4366,,,,,,,,,,,,,,,,,,,,,,,,,,,,,,,,,
51,401,,8001.330456538,1743595574.729041,,,,,,,,,,,,,,,,,,,,,,,,,,,,,,4.0,,,,,0.9783,,,,,,,,,,,,,,,,,,,,,,,,,,,,,,,,
52,421,,8009.063212889,1743595582.4617963,,,,,,,,,,,,,,,,,,,,,,,,,,,,,,5.0,,,,,,0.9277,,,,,,,,,,,,,,,,,,,,,,,,,,,,,,,
53,437,,8016.532721144,1743595589.8869383,,,,,,,,,,,,,,,,,,,,,,,,,,,,,,6.0,,,,,,,0.0877,,,,,,,,,,,,,,,,,,,,,,,,,,,,,,
54,451,,8024.015345388,1743595597.4139268,,,,,,,,,,,,,,,,,,,,,,,,,,,,,,7.0,,,,,,,,0.5428038876314738,,,,,,,,,,,,,,,,,,,,,,,,,,,,,
55,461,,8024.01580997,1743595597.4143915,,,,,,,,,,,,,,,,,,,,,,,,,,,,,,7.0,,,,,,,,,0.0232,,,,,,,,,,,,,,,,,,,,,,,,,,,,
56,465,,8031.725428343,1743595605.123922,,,,,,,,,,,,,,,,,,,,,,,,,,,,,,8.0,,,,,,,,,,15.747833251953123,,,,,,,,,,,,,,,,,,,,,,,,,,,
57,490,,8039.163892057,1743595612.5624828,,,,,,,,,,,,,,,,,,,,,,,,,,,,,,9.0,,,0.7919939800130809,,,,,,,,,,,,,,,,,,,,,,,,,,,,,,,,,,
58,491,,8039.163975906,1743595612.5625465,,,,,,,,,,,,,,,,,,,,,,,,,,,,,,9.0,,,,,,,,,,,0.9928,,,,,,,,,,,,,,,,,,,,,,,,,,
59,493,,8039.164057197,1743595612.5626483,,,,,,,,,,,,,,,,,,,,,,,,,,,,,,9.0,,,,0.4103,,,,,,,,,,,,,,,,,,,,,,,,,,,,,,,,,
60,499,,8039.164349558,1743595612.5629268,,,,,,,,,,,,,,,,,,,,,,,,,,,,,,9.0,,,,,,,,,0.0227,,,,,,,,,,,,,,,,,,,,,,,,,,,,
61,505,,8046.752690073,1743595620.1102128,,,,,,,,,,,,,,,,,,,,,,,,,,,,,,10.0,,,,,,,,,,,,0.7166033983230591,,,,,,,,,,,,,,,,,,,,,,,,,
62,510,,8046.752746293,1743595620.1104808,,,,,,,,,,,,,,,,,,,,,,,,,,,,,,10.0,,,,,,,,,,,0.9933,,,,,,,,,,,,,,,,,,,,,,,,,,
63,528,,8054.495630707,1743595627.8942385,,,,,,,,,,,,,,,,,,,,,,,,,,,,,,11.0,,,0.7955134343491241,,,,,,,,,,,,,,,,,,,,,,,,,,,,,,,,,,
64,529,,8054.495697427,1743595627.8942876,,,,,,,,,,,,,,,,,,,,,,,,,,,,,,11.0,,,,,,,,,,,0.9936,,,,,,,,,,,,,,,,,,,,,,,,,,
65,534,,8054.495916278,1743595627.8945177,,,,,,,,,,,,,,,,,,,,,,,,,,,,,,11.0,,,,,0.9811,,,,,,,,,,,,,,,,,,,,,,,,,,,,,,,,
66,536,,8054.496009108,1743595627.8946047,,,,,,,,,,,,,,,,,,,,,,,,,,,,,,11.0,0.0351,,,,,,,,,,,,,,,,,,,,,,,,,,,,,,,,,,,,
67,540,,8061.954515727,1743595635.3530111,,,,,,,,,,,,,,,,,,,,,,,,,,,,,,12.0,,0.0,,,,,,,,,,,,,,,,,,,,,,,,,,,,,,,,,,,
68,543,,8061.95526686,1743595635.3537643,,,,,,,,,,,,,,,,,,,,,,,,,,,,,,12.0,,,,,,,,,,,,0.7252330183982849,,,,,,,,,,,,,,,,,,,,,,,,,
69,546,,8061.955930292,1743595635.3544765,,,,,,,,,,,,,,,,,,,,,,,,,,,,,,12.0,,,,,,,,0.5689141619279718,,,,,,,,,,,,,,,,,,,,,,,,,,,,,
70,551,,8061.956830364,1743595635.3553853,,,,,,,,,,,,,,,,,,,,,,,,,,,,,,12.0,,,,,,,0.108,,,,,,,,,,,,,,,,,,,,,,,,,,,,,,
71,552,,8061.957010745,1743595635.3555627,,,,,,,,,,,,,,,,,,,,,,,,,,,,,,12.0,,,,,,,,,,,,,0.1338,,,,,,,,,,,,,,,,,,,,,,,,
72,553,,8061.957179977,1743595635.355734,,,,,,,,,,,,,,,,,,,,,,,,,,,,,,12.0,,,,,0.9815,,,,,,,,,,,,,,,,,,,,,,,,,,,,,,,,
73,560,,8069.487258997,1743595642.8857927,,,,,,,,,,,,,,,,,,,,,,,,,,,,,,13.0,,,,,,,,,,14.97274684906006,,,,,,,,,,,,,,,,,,,,,,,,,,,
74,561,,8069.487313288,1743595642.8858829,,,,,,,,,,,,,,,,,,,,,,,,,,,,,,13.0,,,,,,,,,,,,,,16.13251495361328,,,,,,,,,,,,,,,,,,,,,,,
75,579,,8076.89667686,1743595650.2511826,,,,,,,,,,,,,,,,,,,,,,,,,,,,,,14.0,,,,,,,,,,14.830906867980955,,,,,,,,,,,,,,,,,,,,,,,,,,,
76,586,,8076.89675338,1743595650.2515824,,,,,,,,,,,,,,,,,,,,,,,,,,,,,,14.0,,,,,,,,,,,0.9948,,,,,,,,,,,,,,,,,,,,,,,,,,
77,606,,8084.193176842,1743595657.5917504,,,,,,,,,,,,,,,,,,,,,,,,,,,,,,15.0,,,,,,,,,,,,,,,0.8174,,,,,,,,,,,,,,,,,,,,,,
78,615,,8092.279120814,1743595665.6772838,,,,,,,,,,,,,,,,,,,,,,,,,,,,,,16.0,,,,,,,,,,,,,,,,1.102248191833496,,,,,,,,,,,,,,,,,,,,,
79,621,,8092.279536525,1743595665.6780891,,,,,,,,,,,,,,,,,,,,,,,,,,,,,,16.0,,,,,,,,,,,,,,,,,0.4596133828163147,,,,,,,,,,,,,,,,,,,,
80,633,,8092.280100247,1743595665.678682,,,,,,,,,,,,,,,,,,,,,,,,,,,,,,16.0,,,,,,,,,,,,,,,,,,0.0394,,,,,,,,,,,,,,,,,,,
81,637,,8099.657096869,1743595673.0556462,,,,,,,,,,,,,,,,,,,,,,,,,,,,,,17.0,,,,,,,,,,,,,,15.445393562316896,,,,,,,,,,,,,,,,,,,,,,,
82,641,,8099.657461671,1743595673.0559886,,,,,,,,,,,,,,,,,,,,,,,,,,,,,,17.0,,,,,,,,0.5987858719646799,,,,,,,,,,,,,,,,,,,,,,,,,,,,,
83,647,,8099.657699991,1743595673.056277,,,,,,,,,,,,,,,,,,,,,,,,,,,,,,17.0,,,,,,,,,,,,,0.1558,,,,,,,,,,,,,,,,,,,,,,,,
84,651,,8099.657899962,1743595673.0564747,,,,,,,,,,,,,,,,,,,,,,,,,,,,,,17.0,,,,,,,,,0.021,,,,,,,,,,,,,,,,,,,,,,,,,,,,
85,656,,8106.972685478,1743595680.3252203,,,,,,,,,,,,,,,,,,,,,,,,,,,,,,18.0,,,,,,,,,,,,,,15.28683376312256,,,,,,,,,,,,,,,,,,,,,,,
86,666,,8106.972804048,1743595680.3257167,,,,,,,,,,,,,,,,,,,,,,,,,,,,,,18.0,,,,,,,,,,,,,0.1627,,,,,,,,,,,,,,,,,,,,,,,,
87,672,,8114.291822346,1743595687.6899514,,,,,,,,,,,,,,,,,,,,,,,,,,,,,,19.0,,,,,,,,,,,,,,,,1.043039083480835,,,,,,,,,,,,,,,,,,,,,
88,687,,8114.29273789,1743595687.6913216,,,,,,,,,,,,,,,,,,,,,,,,,,,,,,19.0,,,,,,0.9444,,,,,,,,,,,,,,,,,,,,,,,,,,,,,,,
89,697,,8121.95092896,1743595695.3495026,,,,,,,,,,,,,,,,,,,,,,,,,,,,,,20.0,,,,,,,,,,,,,,,,,0.46202969551086426,,,,,,,,,,,,,,,,,,,,
90,704,,8121.951279951,1743595695.3498654,,,,,,,,,,,,,,,,,,,,,,,,,,,,,,20.0,,,,,,,,,,,,,0.1711,,,,,,,,,,,,,,,,,,,,,,,,
91,719,,8129.168859417,1743595702.5674565,,,,,,,,,,,,,,,,,,,,,,,,,,,,,,21.0,,,,,,,,,,,0.9969,,,,,,,,,,,,,,,,,,,,,,,,,,
92,724,,8129.169093538,1743595702.5676825,,,,,,,,,,,,,,,,,,,,,,,,,,,,,,21.0,,,,,0.9846,,,,,,,,,,,,,,,,,,,,,,,,,,,,,,,,
93,733,,8136.320672047,1743595709.6740294,,,,,,,,,,,,,,,,,,,,,,,,,,,,,,22.0,,,,,,,,,,,,0.7809803485870361,,,,,,,,,,,,,,,,,,,,,,,,,
94,753,,8143.678565701,1743595717.0771234,,,,,,,,,,,,,,,,,,,,,,,,,,,,,0.960655152797699,23.0,,,,,,,,,,,,,,,,,,,,,,,,,,,,,,,,,,,,,
95,767,,8150.902102434,1743595724.3002548,,,,,,,,,,,,,,,,,,,,,,,,,,,,,,24.0,,,,,,,,,,,,,,,,0.9495635032653807,,,,,,,,,,,,,,,,,,,,,
96,774,,8150.902555787,1743595724.301145,,,,,,,,,,,,,,,,,,,,,,,,,,,,,,24.0,,,,,,,,0.6563750714694111,,,,,,,,,,,,,,,,,,,,,,,,,,,,,
97,776,,8150.902650616,1743595724.3012478,,,,,,,,,,,,,,,,,,,,,,,,,,,,,,24.0,,,,,,,,,,,0.9974,,,,,,,,,,,,,,,,,,,,,,,,,,
98,792,,8158.198605997,1743595731.597157,,,,,,,,,,,,,,,,,,,,,,,,,,,,,,25.0,,,,,,,,,,,,,,,,,0.4654815196990967,,,,,,,,,,,,,,,,,,,,
99,793,,8158.198652687,1743595731.597242,,,,,,,,,,,,,,,,,,,,,,,,,,,,,,25.0,,,,,,,,0.662315306268828,,,,,,,,,,,,,,,,,,,,,,,,,,,,,
100,794,,8158.198711697,1743595731.5972955,,,,,,,,,,,,,,,,,,,,,,,,,,,,,,25.0,,,0.8227633149548116,,,,,,,,,,,,,,,,,,,,,,,,,,,,,,,,,,
101,805,,8165.637348375,1743595739.0355172,,,,,,,,,,,,,,,,,,,,,,,,,,,,,,26.0,,,,,,,,,,,,,,,,0.9121657609939576,,,,,,,,,,,,,,,,,,,,,
102,806,,8165.680606553,1743595739.03589,,,,,,,,,,,,,,,,,,,,,,,,,,,,,,26.0,,0.0,,,,,,,,,,,,,,,,,,,,,,,,,,,,,,,,,,,
103,815,,8165.680792333,1743595739.036435,,,,,,,,,,,,,,,,,,,,,,,,,,,,,,26.0,,,,,,,,,,,,,,,0.8736,,,,,,,,,,,,,,,,,,,,,,
104,829,,8172.925885618,1743595746.3244414,,,,,,,,,,,,,,,,,,,,,,,,,,,,,0.962427258491516,27.0,,,,,,,,,,,,,,,,,,,,,,,,,,,,,,,,,,,,,
105,833,,8172.926138009,1743595746.3247073,,,,,,,,,,,,,,,,,,,,,,,,,,,,,,27.0,,,,,,,,,,,0.998,,,,,,,,,,,,,,,,,,,,,,,,,,
106,839,,8172.926399881,1743595746.3249822,,,,,,,,,,,,,,,,,,,,,,,,,,,,,,27.0,,,,,,0.9528,,,,,,,,,,,,,,,,,,,,,,,,,,,,,,,
107,844,,8180.271036645,1743595753.669412,,,,,,,,,,,,,,,,,,,,,,,,,,,,,,28.0,,0.0,,,,,,,,,,,,,,,,,,,,,,,,,,,,,,,,,,,
108,852,,8180.271422497,1743595753.6700172,,,,,,,,,,,,,,,,,,,,,,,,,,,,,,28.0,,,,,,,,,,,0.9981,,,,,,,,,,,,,,,,,,,,,,,,,,
109,858,,8180.271707738,1743595753.670298,,,,,,,,,,,,,,,,,,,,,,,,,,,,,,28.0,,,,,,0.9538,,,,,,,,,,,,,,,,,,,,,,,,,,,,,,,
110,881,,8195.164577231,1743595768.5627391,,,,,,,,,,,,,,,,,,,,,,,,,,,,,,30.0,,,,,,,,,,,,,,,,0.8433405160903931,,,,,,,,,,,,,,,,,,,,,
111,884,,8195.212706825,1743595768.56331,,,,,,,,,,,,,,,,,,,,,,,,,,,,,,30.0,,,,,,,,,,,,,,13.27487087249756,,,,,,,,,,,,,,,,,,,,,,,
112,885,,8195.212724735,1743595768.5633843,,,,,,,,,,,,,,,,,,,,,,,,,,,,,,30.0,,,,,,,,,,,,0.8225750923156738,,,,,,,,,,,,,,,,,,,,,,,,,
113,897,,8195.212935296,1743595768.5639703,,,,,,,,,,,,,,,,,,,,,,,,,,,,,,30.0,0.0285,,,,,,,,,,,,,,,,,,,,,,,,,,,,,,,,,,,,
114,910,,8202.614165302,1743595776.012754,,,,,,,,,,,,,,,,,,,,,,,,,,,,,,31.0,,,,,,,,,,,,,,,0.8961,,,,,,,,,,,,,,,,,,,,,,
115,924,,8210.144643981,1743595783.543207,,,,,,,,,,,,,,,,,,,,,,,,,,,,,0.9646293520927428,32.0,,,,,,,,,,,,,,,,,,,,,,,,,,,,,,,,,,,,,
116,966,,8225.224770059,1743595798.5825615,,,,,,,,,,,,,,,,,,,,,,,,,,,,,,34.0,,,,,,,,,,,0.9988,,,,,,,,,,,,,,,,,,,,,,,,,,
117,971,,8225.224829139,1743595798.5827718,,,,,,,,,,,,,,,,,,,,,,,,,,,,,,34.0,,,,,0.9887,,,,,,,,,,,,,,,,,,,,,,,,,,,,,,,,
118,975,,8225.224869639,1743595798.582932,,,,,,,,,,,,,,,,,,,,,,,,,,,,,,34.0,,,,,,,,,,,,,,,,,,0.0356,,,,,,,,,,,,,,,,,,,
119,976,,8232.592374111,1743595805.990495,,,,,,,,,,,,,,,,,,,,,,,,,,,,,,35.0,,,,,,,,,,,,,,,,0.7579436302185059,,,,,,,,,,,,,,,,,,,,,
120,984,,8232.593037123,1743595805.9915674,,,,,,,,,,,,,,,,,,,,,,,,,,,,,,35.0,,,0.8421925366840348,,,,,,,,,,,,,,,,,,,,,,,,,,,,,,,,,,
121,986,,8232.593117613,1743595805.991676,,,,,,,,,,,,,,,,,,,,,,,,,,,,,,35.0,,,,,,,,,,,,,,,0.9123,,,,,,,,,,,,,,,,,,,,,,
122,997,,8240.228737139,1743595813.6272514,,,,,,,,,,,,,,,,,,,,,,,,,,,,,,36.0,,,,,,,,,,11.499460220336914,,,,,,,,,,,,,,,,,,,,,,,,,,,
123,1001,,8240.22900435,1743595813.6275735,,,,,,,,,,,,,,,,,,,,,,,,,,,,,,36.0,,,,,,,,,,,,,,,,,0.4754918813705444,,,,,,,,,,,,,,,,,,,,
124,1002,,8240.22905682,1743595813.6276467,,,,,,,,,,,,,,,,,,,,,,,,,,,,,,36.0,,,,,,,,0.7520411248866041,,,,,,,,,,,,,,,,,,,,,,,,,,,,,
125,1008,,8240.229341351,1743595813.6279335,,,,,,,,,,,,,,,,,,,,,,,,,,,,,,36.0,,,,,,,,,,,,,0.2548,,,,,,,,,,,,,,,,,,,,,,,,
126,1015,,8247.595487628,1743595820.9939113,,,,,,,,,,,,,,,,,,,,,,,,,,,,,,37.0,,0.0,,,,,,,,,,,,,,,,,,,,,,,,,,,,,,,,,,,
127,1018,,8247.595669968,1743595820.9942486,,,,,,,,,,,,,,,,,,,,,,,,,,,,,,37.0,,,,,,,,,,,,0.8638246655464172,,,,,,,,,,,,,,,,,,,,,,,,,
128,1025,,8247.59615385,1743595820.9947531,,,,,,,,,,,,,,,,,,,,,,,,,,,,,,37.0,,,,0.279,,,,,,,,,,,,,,,,,,,,,,,,,,,,,,,,,
129,1038,,8255.096771476,1743595828.4499502,,,,,,,,,,,,,,,,,,,,,,,,,,,,,0.9673800468444824,38.0,,,,,,,,,,,,,,,,,,,,,,,,,,,,,,,,,,,,,
130,1043,,8255.096855567,1743595828.450205,,,,,,,,,,,,,,,,,,,,,,,,,,,,,,38.0,,,,,,,,,,,,,,,0.9246,,,,,,,,,,,,,,,,,,,,,,
131,1046,,8255.096914607,1743595828.4503274,,,,,,,,,,,,,,,,,,,,,,,,,,,,,,38.0,,,,,,,,,,,,,0.2636,,,,,,,,,,,,,,,,,,,,,,,,
132,1060,,8262.738249263,1743595836.1367998,,,,,,,,,,,,,,,,,,,,,,,,,,,,,,39.0,,,0.8504117600682325,,,,,,,,,,,,,,,,,,,,,,,,,,,,,,,,,,
133,1065,,8262.739159325,1743595836.1377094,,,,,,,,,,,,,,,,,,,,,,,,,,,,,,39.0,,,,,,,,,,,,,0.2675,,,,,,,,,,,,,,,,,,,,,,,,
134,1070,,8262.740029378,1743595836.1385844,,,,,,,,,,,,,,,,,,,,,,,,,,,,,,39.0,,,,,,,,,,,,,,,,,,0.0345,,,,,,,,,,,,,,,,,,,
135,1096,,8277.720216332,1743595851.1187866,,,,,,,,,,,,,,,,,,,,,,,,,,,,,,41.0,,,,,,,,,,,,,,,,,0.48274075984954834,,,,,,,,,,,,,,,,,,,,
136,1106,,8277.720756744,1743595851.1193068,,,,,,,,,,,,,,,,,,,,,,,,,,,,,,41.0,0.0245,,,,,,,,,,,,,,,,,,,,,,,,,,,,,,,,,,,,
137,1140,,8292.231282974,1743595865.6298845,,,,,,,,,,,,,,,,,,,,,,,,,,,,,,43.0,,,,,,,0.2236,,,,,,,,,,,,,,,,,,,,,,,,,,,,,,
138,1169,,8307.332717649,1743595880.6861184,,,,,,,,,,,,,,,,,,,,,,,,,,,,,,45.0,,,,,,,,,,,,,,10.715309143066406,,,,,,,,,,,,,,,,,,,,,,,
139,1170,,8307.332729449,1743595880.6861866,,,,,,,,,,,,,,,,,,,,,,,,,,,,,,45.0,,,,,,,,,,,,0.9047290086746216,,,,,,,,,,,,,,,,,,,,,,,,,
140,1181,,8307.33286144,1743595880.6866984,,,,,,,,,,,,,,,,,,,,,,,,,,,,,,45.0,,,,,,0.9692,,,,,,,,,,,,,,,,,,,,,,,,,,,,,,,
141,1186,,8314.497796354,1743595887.8962803,,,,,,,,,,,,,,,,,,,,,,,,,,,,,,46.0,,0.0,,,,,,,,,,,,,,,,,,,,,,,,,,,,,,,,,,,
142,1198,,8314.500365323,1743595887.8989046,,,,,,,,,,,,,,,,,,,,,,,,,,,,,,46.0,,,,,,,,,,,,,0.2893,,,,,,,,,,,,,,,,,,,,,,,,
143,1205,,8321.971583359,1743595895.370077,,,,,,,,,,,,,,,,,,,,,,,,,,,,,,47.0,,0.0,,,,,,,,,,,,,,,,,,,,,,,,,,,,,,,,,,,
144,1206,,8321.97184359,1743595895.3703349,,,,,,,,,,,,,,,,,,,,,,,,,,,,,,47.0,,,,,,,,,,9.81204891204834,,,,,,,,,,,,,,,,,,,,,,,,,,,
145,1218,,8321.974340768,1743595895.372894,,,,,,,,,,,,,,,,,,,,,,,,,,,,,,47.0,,,,,0.9922,,,,,,,,,,,,,,,,,,,,,,,,,,,,,,,,
146,1226,,8329.294931965,1743595902.693463,,,,,,,,,,,,,,,,,,,,,,,,,,,,,,48.0,,,,,,,,,,,,,,10.230640411376951,,,,,,,,,,,,,,,,,,,,,,,
147,1228,,8329.295054096,1743595902.6936202,,,,,,,,,,,,,,,,,,,,,,,,,,,,,0.9718073606491088,48.0,,,,,,,,,,,,,,,,,,,,,,,,,,,,,,,,,,,,,
148,1240,,8329.295646238,1743595902.69424,,,,,,,,,,,,,,,,,,,,,,,,,,,,,,48.0,,,,,,,,,0.0142,,,,,,,,,,,,,,,,,,,,,,,,,,,,
149,1249,,8337.968721775,1743595911.3219538,,,,,,,,,,,,,,,,,,,,,,,,,,,,,,49.0,,,,,,,,0.8612271121105043,,,,,,,,,,,,,,,,,,,,,,,,,,,,,
150,1251,,8337.968744226,1743595911.3220384,,,,,,,,,,,,,,,,,,,,,,,,,,,,,,49.0,,,,,,,,,,,0.9996,,,,,,,,,,,,,,,,,,,,,,,,,,
151,1274,,8345.592773805,1743595918.9512444,,,,,,,,,,,,,,,,,,,,,,,,,,,,,,50.0,,,,,,,,,,,,,0.3003,,,,,,,,,,,,,,,,,,,,,,,,
152,1289,,8353.187640257,1743595926.5862093,,,,,,,,,,,,,,,,,,,,,,,,,,,,,,51.0,,,,,,,,,,,0.9997,,,,,,,,,,,,,,,,,,,,,,,,,,
153,1293,,8353.187803508,1743595926.5863948,,,,,,,,,,,,,,,,,,,,,,,,,,,,,,51.0,,,,,,,,,,,,,0.3026,,,,,,,,,,,,,,,,,,,,,,,,
154,1304,,8360.566189498,1743595933.9647577,,,,,,,,,,,,,,,,,,,,,,,,,,,,,0.9736242294311525,52.0,,,,,,,,,,,,,,,,,,,,,,,,,,,,,,,,,,,,,
155,1341,,8375.500714098,1743595948.853696,,,,,,,,,,,,,,,,,,,,,,,,,,,,,,54.0,,,,,,,,,,,,0.944943070411682,,,,,,,,,,,,,,,,,,,,,,,,,
156,1344,,8375.500747438,1743595948.8538964,,,,,,,,,,,,,,,,,,,,,,,,,,,,,,54.0,,,,,,,,0.8956322591199084,,,,,,,,,,,,,,,,,,,,,,,,,,,,,
157,1358,,8383.043226883,1743595956.4417214,,,,,,,,,,,,,,,,,,,,,,,,,,,,,,55.0,,,,,,,,,,8.587697982788086,,,,,,,,,,,,,,,,,,,,,,,,,,,
158,1378,,8390.514366468,1743595963.9129329,,,,,,,,,,,,,,,,,,,,,,,,,,,,,,56.0,,,,,,,,,,,,,,8.906144142150879,,,,,,,,,,,,,,,,,,,,,,,
159,1385,,8390.514820179,1743595963.9134088,,,,,,,,,,,,,,,,,,,,,,,,,,,,,,56.0,,,,,,,,,,,,,,,0.9748,,,,,,,,,,,,,,,,,,,,,,
160,1400,,8398.04901993,1743595971.447603,,,,,,,,,,,,,,,,,,,,,,,,,,,,,,57.0,,,,,,,,,,,,,,,,,0.5032792687416077,,,,,,,,,,,,,,,,,,,,
161,1419,,8405.520737513,1743595978.876171,,,,,,,,,,,,,,,,,,,,,,,,,,,,,,58.0,,,,,,,,,,,,,,,,,0.5048325657844543,,,,,,,,,,,,,,,,,,,,
162,1422,,8405.520766543,1743595978.8763287,,,,,,,,,,,,,,,,,,,,,,,,,,,,,,58.0,,,,,,,,,,,0.9998,,,,,,,,,,,,,,,,,,,,,,,,,,
163,1439,,8412.973089163,1743595986.371647,,,,,,,,,,,,,,,,,,,,,,,,,,,,,,59.0,,,,,,,,0.9214060686453324,,,,,,,,,,,,,,,,,,,,,,,,,,,,,
164,1446,,8412.974261987,1743595986.372825,,,,,,,,,,,,,,,,,,,,,,,,,,,,,,59.0,,,,,0.9948,,,,,,,,,,,,,,,,,,,,,,,,,,,,,,,,
165,1462,,8421.051502973,1743595994.450053,,,,,,,,,,,,,,,,,,,,,,,,,,,,,,60.0,,,,0.1609,,,,,,,,,,,,,,,,,,,,,,,,,,,,,,,,,
166,1468,,8421.052572947,1743595994.4511256,,,,,,,,,,,,,,,,,,,,,,,,,,,,,,60.0,,,,,,,,,0.0116,,,,,,,,,,,,,,,,,,,,,,,,,,,,
167,1470,,8428.440762855,1743596001.8389025,,,,,,,,,,,,,,,,,,,,,,,,,,,,,,61.0,,,,,,,,,,,,,,,,0.4156739413738251,,,,,,,,,,,,,,,,,,,,,
168,1481,,8428.441482538,1743596001.840084,,,,,,,,,,,,,,,,,,,,,,,,,,,,,,61.0,,,,0.1564,,,,,,,,,,,,,,,,,,,,,,,,,,,,,,,,,
169,1484,,8428.441646868,1743596001.8402238,,,,,,,,,,,,,,,,,,,,,,,,,,,,,,61.0,,,,,0.9952,,,,,,,,,,,,,,,,,,,,,,,,,,,,,,,,
170,1497,,8435.960734254,1743596009.3134198,,,,,,,,,,,,,,,,,,,,,,,,,,,,,,62.0,,,0.8965158341400217,,,,,,,,,,,,,,,,,,,,,,,,,,,,,,,,,,
171,1509,,8443.427048033,1743596016.8253846,,,,,,,,,,,,,,,,,,,,,,,,,,,,,,63.0,,0.0,,,,,,,,,,,,,,,,,,,,,,,,,,,,,,,,,,,
172,1513,,8443.427288784,1743596016.8258493,,,,,,,,,,,,,,,,,,,,,,,,,,,,,0.9785215258598328,63.0,,,,,,,,,,,,,,,,,,,,,,,,,,,,,,,,,,,,,
173,1517,,8443.427531535,1743596016.8261144,,,,,,,,,,,,,,,,,,,,,,,,,,,,,,63.0,,,,,,,,,,,0.9998,,,,,,,,,,,,,,,,,,,,,,,,,,
174,1520,,8443.427650985,1743596016.8262556,,,,,,,,,,,,,,,,,,,,,,,,,,,,,,63.0,,,,,,,0.2249,,,,,,,,,,,,,,,,,,,,,,,,,,,,,,
175,1524,,8443.427839526,1743596016.8264408,,,,,,,,,,,,,,,,,,,,,,,,,,,,,,63.0,0.0169,,,,,,,,,,,,,,,,,,,,,,,,,,,,,,,,,,,,
176,1529,,8450.968495861,1743596024.3670468,,,,,,,,,,,,,,,,,,,,,,,,,,,,,,64.0,,,,,,,,,,7.211426258087158,,,,,,,,,,,,,,,,,,,,,,,,,,,
177,1536,,8450.968997062,1743596024.367567,,,,,,,,,,,,,,,,,,,,,,,,,,,,,,64.0,,,,,,,,,,,0.9999,,,,,,,,,,,,,,,,,,,,,,,,,,
178,1559,,8458.353910214,1743596031.7525036,,,,,,,,,,,,,,,,,,,,,,,,,,,,,,65.0,,,,,,,,,,,,,0.2923,,,,,,,,,,,,,,,,,,,,,,,,
179,1565,,8465.885908416,1743596039.284032,,,,,,,,,,,,,,,,,,,,,,,,,,,,,,66.0,,,,,,,,,,,,,,,,0.3681718707084656,,,,,,,,,,,,,,,,,,,,,
180,1593,,8473.124760353,1743596046.5233395,,,,,,,,,,,,,,,,,,,,,,,,,,,,,,67.0,,,,,,,,,,,0.9999,,,,,,,,,,,,,,,,,,,,,,,,,,
181,1601,,8473.125121504,1743596046.52371,,,,,,,,,,,,,,,,,,,,,,,,,,,,,,67.0,,,,,,,,,0.0101,,,,,,,,,,,,,,,,,,,,,,,,,,,,
182,1609,,8480.507899711,1743596053.9064448,,,,,,,,,,,,,,,,,,,,,,,,,,,,,,68.0,,,,,,,,,,,,,,,,,0.5246806740760803,,,,,,,,,,,,,,,,,,,,
183,1610,,8480.507971771,1743596053.9065638,,,,,,,,,,,,,,,,,,,,,,,,,,,,,,68.0,,,,,,,,0.9538020569887036,,,,,,,,,,,,,,,,,,,,,,,,,,,,,
184,1611,,8480.508047652,1743596053.9066424,,,,,,,,,,,,,,,,,,,,,,,,,,,,,,68.0,,,0.908568214030012,,,,,,,,,,,,,,,,,,,,,,,,,,,,,,,,,,
185,1631,,8487.827010316,1743596061.2252069,,,,,,,,,,,,,,,,,,,,,,,,,,,,,,69.0,,,,,,,,,,,0.9999,,,,,,,,,,,,,,,,,,,,,,,,,,
186,1634,,8487.827076408,1743596061.2253373,,,,,,,,,,,,,,,,,,,,,,,,,,,,,,69.0,,,,,,,0.2117,,,,,,,,,,,,,,,,,,,,,,,,,,,,,,
187,1648,,8495.632748628,1743596068.987951,,,,,,,,,,,,,,,,,,,,,,,,,,,,,,70.0,,,,,,,,0.9597497040419416,,,,,,,,,,,,,,,,,,,,,,,,,,,,,
188,1663,,8502.883852563,1743596076.2823234,,,,,,,,,,,,,,,,,,,,,,,,,,,,,,71.0,,,,,,,,,,,,,,6.47987699508667,,,,,,,,,,,,,,,,,,,,,,,
189,1668,,8502.884090124,1743596076.2826853,,,,,,,,,,,,,,,,,,,,,,,,,,,,,,71.0,,,0.914742074094679,,,,,,,,,,,,,,,,,,,,,,,,,,,,,,,,,,
190,1713,,8517.71336557,1743596091.1119664,,,,,,,,,,,,,,,,,,,,,,,,,,,,,,73.0,,,,,,0.9885,,,,,,,,,,,,,,,,,,,,,,,,,,,,,,,
191,1726,,8524.874338965,1743596098.2729182,,,,,,,,,,,,,,,,,,,,,,,,,,,,,,74.0,,,,,,,,,,,0.9999,,,,,,,,,,,,,,,,,,,,,,,,,,
192,1734,,8524.874721747,1743596098.273306,,,,,,,,,,,,,,,,,,,,,,,,,,,,,,74.0,,,,,,,,,0.0085,,,,,,,,,,,,,,,,,,,,,,,,,,,,
193,1738,,8532.408652603,1743596105.8071785,,,,,,,,,,,,,,,,,,,,,,,,,,,,,,75.0,,,,,,,,,,5.536441326141357,,,,,,,,,,,,,,,,,,,,,,,,,,,
194,1746,,8532.409174954,1743596105.8077655,,,,,,,,,,,,,,,,,,,,,,,,,,,,,,75.0,,,,,,,,,,,,,,,0.9907,,,,,,,,,,,,,,,,,,,,,,
195,1751,,8532.409401225,1743596105.8080032,,,,,,,,,,,,,,,,,,,,,,,,,,,,,,75.0,,,,,,0.9897,,,,,,,,,,,,,,,,,,,,,,,,,,,,,,,
196,1763,,8540.189906436,1743596113.5884962,,,,,,,,,,,,,,,,,,,,,,,,,,,,,,76.0,,,0.925384095649364,,,,,,,,,,,,,,,,,,,,,,,,,,,,,,,,,,
197,1766,,8540.190126767,1743596113.5887082,,,,,,,,,,,,,,,,,,,,,,,,,,,,,,76.0,,,,0.1016,,,,,,,,,,,,,,,,,,,,,,,,,,,,,,,,,
198,1767,,8540.190199768,1743596113.5887756,,,,,,,,,,,,,,,,,,,,,,,,,,,,,,76.0,,,,,,,0.193,,,,,,,,,,,,,,,,,,,,,,,,,,,,,,
199,1768,,8540.190318678,1743596113.5888436,,,,,,,,,,,,,,,,,,,,,,,,,,,,,,76.0,,,,,,,,,,,,,0.2654,,,,,,,,,,,,,,,,,,,,,,,,
200,1770,,8540.190380778,1743596113.588976,,,,,,,,,,,,,,,,,,,,,,,,,,,,,,76.0,,,,,,0.9902,,,,,,,,,,,,,,,,,,,,,,,,,,,,,,,
201,1827,,8562.101180111,1743596135.4997616,,,,,,,,,,,,,,,,,,,,,,,,,,,,,,79.0,,,,,,0.9916,,,,,,,,,,,,,,,,,,,,,,,,,,,,,,,
202,1828,,8562.101223141,1743596135.4998095,,,,,,,,,,,,,,,,,,,,,,,,,,,,,,79.0,0.0113,,,,,,,,,,,,,,,,,,,,,,,,,,,,,,,,,,,,
203,1842,,8569.623594172,1743596143.0221477,,,,,,,,,,,,,,,,,,,,,,,,,,,,,,80.0,,,,0.0914,,,,,,,,,,,,,,,,,,,,,,,,,,,,,,,,,
204,1858,,8577.412868515,1743596150.7691846,,,,,,,,,,,,,,,,,,,,,,,,,,,,,,81.0,,,0.9354118626461466,,,,,,,,,,,,,,,,,,,,,,,,,,,,,,,,,,
205,1863,,8577.412965286,1743596150.7693927,,,,,,,,,,,,,,,,,,,,,,,,,,,,,,81.0,,,,,,,,,,,,,0.2554,,,,,,,,,,,,,,,,,,,,,,,,
206,1864,,8577.412982296,1743596150.7694333,,,,,,,,,,,,,,,,,,,,,,,,,,,,,,81.0,,,,,0.9982,,,,,,,,,,,,,,,,,,,,,,,,,,,,,,,,
207,1869,,8584.893958787,1743596158.2920918,,,,,,,,,,,,,,,,,,,,,,,,,,,,,,82.0,,,,,,,,,,,,,,,,0.2584831416606903,,,,,,,,,,,,,,,,,,,,,
208,1871,,8584.894135517,1743596158.292619,,,,,,,,,,,,,,,,,,,,,,,,,,,,,,82.0,,,,,,,,,,4.553508281707764,,,,,,,,,,,,,,,,,,,,,,,,,,,
209,1875,,8584.894391558,1743596158.2929597,,,,,,,,,,,,,,,,,,,,,,,,,,,,,,82.0,,,,,,,,,,,,,,,,,0.5588539838790894,,,,,,,,,,,,,,,,,,,,
210,1876,,8584.894442558,1743596158.2930422,,,,,,,,,,,,,,,,,,,,,,,,,,,,,,82.0,,,,,,,,0.9818710449803318,,,,,,,,,,,,,,,,,,,,,,,,,,,,,
211,1885,,8584.89488832,1743596158.2934804,,,,,,,,,,,,,,,,,,,,,,,,,,,,,,82.0,0.0103,,,,,,,,,,,,,,,,,,,,,,,,,,,,,,,,,,,,
212,1902,,8592.536802597,1743596165.9353535,,,,,,,,,,,,,,,,,,,,,,,,,,,,,,83.0,,,,,0.9985,,,,,,,,,,,,,,,,,,,,,,,,,,,,,,,,
213,1905,,8592.537343449,1743596165.9358914,,,,,,,,,,,,,,,,,,,,,,,,,,,,,,83.0,,,,,,,,,0.0067,,,,,,,,,,,,,,,,,,,,,,,,,,,,
214,1914,,8599.976242738,1743596173.3747797,,,,,,,,,,,,,,,,,,,,,,,,,,,,,,84.0,,,,,,,,0.9832277939414684,,,,,,,,,,,,,,,,,,,,,,,,,,,,,
215,1940,,8607.356770228,1743596180.7084844,,,,,,,,,,,,,,,,,,,,,,,,,,,,,,85.0,,,,,0.9987,,,,,,,,,,,,,,,,,,,,,,,,,,,,,,,,
216,1942,,8607.356790548,1743596180.708565,,,,,,,,,,,,,,,,,,,,,,,,,,,,,,85.0,0.0093,,,,,,,,,,,,,,,,,,,,,,,,,,,,,,,,,,,,
217,1953,,8614.823901432,1743596188.2224443,,,,,,,,,,,,,,,,,,,,,,,,,,,,,,86.0,,,0.9454632812211258,,,,,,,,,,,,,,,,,,,,,,,,,,,,,,,,,,
218,1972,,8622.213407552,1743596195.6119416,,,,,,,,,,,,,,,,,,,,,,,,,,,,,,87.0,,,0.9474474363430634,,,,,,,,,,,,,,,,,,,,,,,,,,,,,,,,,,
219,1987,,8629.664835365,1743596203.0633843,,,,,,,,,,,,,,,,,,,,,,,,,,,,,,88.0,,,,,,,,,,,,0.9930962920188904,,,,,,,,,,,,,,,,,,,,,,,,,
220,1992,,8629.665135697,1743596203.0637136,,,,,,,,,,,,,,,,,,,,,,,,,,,,,,88.0,,,,,,,,,,,1.0,,,,,,,,,,,,,,,,,,,,,,,,,,
221,1997,,8629.665372038,1743596203.0639503,,,,,,,,,,,,,,,,,,,,,,,,,,,,,,88.0,,,,,0.9989,,,,,,,,,,,,,,,,,,,,,,,,,,,,,,,,
222,1999,,8629.665454978,1743596203.0640428,,,,,,,,,,,,,,,,,,,,,,,,,,,,,,88.0,0.0083,,,,,,,,,,,,,,,,,,,,,,,,,,,,,,,,,,,,
223,2002,,8637.209913839,1743596210.6080587,,,,,,,,,,,,,,,,,,,,,,,,,,,,,,89.0,,,,,,,,,,,,,,,,0.2229496538639069,,,,,,,,,,,,,,,,,,,,,
224,2014,,8637.256888007,1743596210.6091626,,,,,,,,,,,,,,,,,,,,,,,,,,,,,,89.0,,,,,,,0.1586,,,,,,,,,,,,,,,,,,,,,,,,,,,,,,
225,2022,,8644.674143346,1743596218.072563,,,,,,,,,,,,,,,,,,,,,,,,,,,,,,90.0,,0.0,,,,,,,,,,,,,,,,,,,,,,,,,,,,,,,,,,,
226,2031,,8644.674682758,1743596218.0732756,,,,,,,,,,,,,,,,,,,,,,,,,,,,,,90.0,,,,,,,,,,,,,,,0.9953,,,,,,,,,,,,,,,,,,,,,,
227,2036,,8644.674931529,1743596218.0735097,,,,,,,,,,,,,,,,,,,,,,,,,,,,,,90.0,,,,,,0.9959,,,,,,,,,,,,,,,,,,,,,,,,,,,,,,,
228,2038,,8644.675014269,1743596218.0735998,,,,,,,,,,,,,,,,,,,,,,,,,,,,,,90.0,,,,,,,,,0.0052,,,,,,,,,,,,,,,,,,,,,,,,,,,,
229,2050,,8652.091934612,1743596225.4904804,,,,,,,,,,,,,,,,,,,,,,,,,,,,,,91.0,,,,,,,,,,,,,,,0.9956,,,,,,,,,,,,,,,,,,,,,,
230,2082,,8667.600651695,1743596240.956505,,,,,,,,,,,,,,,,,,,,,,,,,,,,,,93.0,,,,,,,,,,,,0.9951674342155457,,,,,,,,,,,,,,,,,,,,,,,,,
231,2086,,8667.600698655,1743596240.956733,,,,,,,,,,,,,,,,,,,,,,,,,,,,,,93.0,,,0.9601844152758804,,,,,,,,,,,,,,,,,,,,,,,,,,,,,,,,,,
232,2110,,8674.931954678,1743596248.3305454,,,,,,,,,,,,,,,,,,,,,,,,,,,,,,94.0,,,,,,,,,,,,,0.2237,,,,,,,,,,,,,,,,,,,,,,,,
233,2113,,8674.932097348,1743596248.3306787,,,,,,,,,,,,,,,,,,,,,,,,,,,,,,94.0,0.0061,,,,,,,,,,,,,,,,,,,,,,,,,,,,,,,,,,,,
234,2123,,8682.346717737,1743596255.7453055,,,,,,,,,,,,,,,,,,,,,,,,,,,,,,95.0,,,,,,,,0.9924346629986244,,,,,,,,,,,,,,,,,,,,,,,,,,,,,
235,2132,,8682.347146909,1743596255.745721,,,,,,,,,,,,,,,,,,,,,,,,,,,,,,95.0,0.0058,,,,,,,,,,,,,,,,,,,,,,,,,,,,,,,,,,,,
236,2153,,8689.843626199,1743596263.2422297,,,,,,,,,,,,,,,,,,,,,,,,,,,,,,96.0,,,,,,,,,,,,,,,,,,0.021,,,,,,,,,,,,,,,,,,,
237,2157,,8697.184698353,1743596270.5434215,,,,,,,,,,,,,,,,,,,,,,,,,,,,,,97.0,,,,,,,,,,,,,,2.4505040645599365,,,,,,,,,,,,,,,,,,,,,,,
238,2163,,8697.184766183,1743596270.5437622,,,,,,,,,,,,,,,,,,,,,,,,,,,,,,97.0,,,,,,,,,,,1.0,,,,,,,,,,,,,,,,,,,,,,,,,,
239,2173,,8704.429632271,1743596277.8277738,,,,,,,,,,,,,,,,,,,,,,,,,,,,,,98.0,,,,,,,,,,,,,,,,0.18803201615810392,,,,,,,,,,,,,,,,,,,,,
240,2181,,8704.431663349,1743596277.8302095,,,,,,,,,,,,,,,,,,,,,,,,,,,,,,98.0,,,0.9709637531099624,,,,,,,,,,,,,,,,,,,,,,,,,,,,,,,,,,
241,2188,,8704.432905172,1743596277.831459,,,,,,,,,,,,,,,,,,,,,,,,,,,,,,98.0,,,,,,0.9983,,,,,,,,,,,,,,,,,,,,,,,,,,,,,,,
242,2194,,8711.915337254,1743596285.313792,,,,,,,,,,,,,,,,,,,,,,,,,,,,,,99.0,,,,,,,,,,1.9376416206359863,,,,,,,,,,,,,,,,,,,,,,,,,,,
243,2208,,8711.918305624,1743596285.3168595,,,,,,,,,,,,,,,,,,,,,,,,,,,,,,99.0,0.0044,,,,,,,,,,,,,,,,,,,,,,,,,,,,,,,,,,,,
244,2213,,8719.23358275,1743596292.6320972,,,,,,,,,,,,,,,,,,,,,,,,,,,,,,100.0,,,,,,,,,,1.766100525856018,,,,,,,,,,,,,,,,,,,,,,,,,,,
245,2221,,8719.234081302,1743596292.6326685,,,,,,,,,,,,,,,,,,,,,,,,,,,,,,100.0,,,,,,,,,,,,,,,0.9984,,,,,,,,,,,,,,,,,,,,,,
246,2225,,8719.234259793,1743596292.6328542,,,,,,,,,,,,,,,,,,,,,,,,,,,,,,100.0,,,,,0.9998,,,,,,,,,,,,,,,,,,,,,,,,,,,,,,,,
247,2229,,8719.234453834,1743596292.6330354,,,,,,,,,,,,,,,,,,,,,,,,,,,,,,100.0,,,,,,,,,,,,,,,,,,0.0191,,,,,,,,,,,,,,,,,,,
248,2238,,8726.728699377,1743596300.085447,,,,,,,,,,,,,,,,,,,,,,,,,,,,,,101.0,,,0.9775492230299592,,,,,,,,,,,,,,,,,,,,,,,,,,,,,,,,,,
249,2241,,8726.728733107,1743596300.0855722,,,,,,,,,,,,,,,,,,,,,,,,,,,,,,101.0,,,,0.0561,,,,,,,,,,,,,,,,,,,,,,,,,,,,,,,,,
250,2253,,8733.9497408,1743596307.3482518,,,,,,,,,,,,,,,,,,,,,,,,,,,,,,102.0,,,,,,,,,,,,0.99775630235672,,,,,,,,,,,,,,,,,,,,,,,,,
251,2259,,8733.950795424,1743596307.349362,,,,,,,,,,,,,,,,,,,,,,,,,,,,,,102.0,,,,,,,,,,,,,,,0.9988,,,,,,,,,,,,,,,,,,,,,,
252,2266,,8733.951860847,1743596307.3504305,,,,,,,,,,,,,,,,,,,,,,,,,,,,,,102.0,,,,,,,,,0.0026,,,,,,,,,,,,,,,,,,,,,,,,,,,,
253,2278,,8741.315953696,1743596314.7145083,,,,,,,,,,,,,,,,,,,,,,,,,,,,,,103.0,,,,,,,,,,,,,,,0.9988,,,,,,,,,,,,,,,,,,,,,,
254,2283,,8741.316197317,1743596314.7147336,,,,,,,,,,,,,,,,,,,,,,,,,,,,,,103.0,,,,,,0.9993,,,,,,,,,,,,,,,,,,,,,,,,,,,,,,,
255,2294,,8749.874038014,1743596323.2726362,,,,,,,,,,,,,,,,,,,,,,,,,,,,,,104.0,,,,,,,,0.9958663451601792,,,,,,,,,,,,,,,,,,,,,,,,,,,,,
256,2302,,8749.874437576,1743596323.273029,,,,,,,,,,,,,,,,,,,,,,,,,,,,,,104.0,,,,,,0.9994,,,,,,,,,,,,,,,,,,,,,,,,,,,,,,,
257,2317,,8758.106417387,1743596331.5049517,,,,,,,,,,,,,,,,,,,,,,,,,,,,,,105.0,,,,0.0524,,,,,,,,,,,,,,,,,,,,,,,,,,,,,,,,,
258,2320,,8758.106587117,1743596331.5051572,,,,,,,,,,,,,,,,,,,,,,,,,,,,,,105.0,,,,,0.9999,,,,,,,,,,,,,,,,,,,,,,,,,,,,,,,,
259,2329,,8766.354196346,1743596339.7527666,,,,,,,,,,,,,,,,,,,,,,,,,,,,,,106.0,,,,,,,,,,,,0.9987918734550476,,,,,,,,,,,,,,,,,,,,,,,,,
260,2338,,8766.354690027,1743596339.7532942,,,,,,,,,,,,,,,,,,,,,,,,,,,,,,106.0,,,,,,,,,,,,,0.2073,,,,,,,,,,,,,,,,,,,,,,,,
261,2341,,8766.354849198,1743596339.753435,,,,,,,,,,,,,,,,,,,,,,,,,,,,,,106.0,0.002,,,,,,,,,,,,,,,,,,,,,,,,,,,,,,,,,,,,
262,2342,,8766.354890758,1743596339.7534828,,,,,,,,,,,,,,,,,,,,,,,,,,,,,,106.0,,,,,,,,,0.0017,,,,,,,,,,,,,,,,,,,,,,,,,,,,
263,2343,,8766.354932268,1743596339.753528,,,,,,,,,,,,,,,,,,,,,,,,,,,,,,106.0,,,,,,,,,,,,,,,,,,0.0167,,,,,,,,,,,,,,,,,,,
264,2344,,8774.408532823,1743596347.806429,,,,,,,,,,,,,,,,,,,,,,,,,,,,,,107.0,,,,,,,,,,,,,,,,0.1630866676568985,,,,,,,,,,,,,,,,,,,,,
265,2346,,8774.408707634,1743596347.807258,,,,,,,,,,,,,,,,,,,,,,,,,,,,,,107.0,,,,,,,,,,0.7649347186088562,,,,,,,,,,,,,,,,,,,,,,,,,,,
266,2362,,8774.409711517,1743596347.8082914,,,,,,,,,,,,,,,,,,,,,,,,,,,,,,107.0,,,,,,,,,,,,,,,,,,0.0158,,,,,,,,,,,,,,,,,,,
267,2366,,8782.546543646,1743596355.945089,,,,,,,,,,,,,,,,,,,,,,,,,,,,,,108.0,,,,,,,,,,,,,,0.7752113938331604,,,,,,,,,,,,,,,,,,,,,,,
268,2367,,8782.546630347,1743596355.9451728,,,,,,,,,,,,,,,,,,,,,,,,,,,,,,108.0,,,,,,,,,,,,0.9989644289016724,,,,,,,,,,,,,,,,,,,,,,,,,
269,2384,,8790.588366054,1743596363.9868011,,,,,,,,,,,,,,,,,,,,,,,,,,,,,,109.0,,,,,,,,,,0.4571174085140228,,,,,,,,,,,,,,,,,,,,,,,,,,,
270,2390,,8790.588980246,1743596363.987564,,,,,,,,,,,,,,,,,,,,,,,,,,,,,,109.0,,,0.9938389728119348,,,,,,,,,,,,,,,,,,,,,,,,,,,,,,,,,,
271,2395,,8790.589371877,1743596363.9879546,,,,,,,,,,,,,,,,,,,,,,,,,,,,,,109.0,,,,,,,,,,,,,0.204,,,,,,,,,,,,,,,,,,,,,,,,
272,2397,,8790.589509037,1743596363.9880836,,,,,,,,,,,,,,,,,,,,,,,,,,,,,,109.0,,,,,,0.9999,,,,,,,,,,,,,,,,,,,,,,,,,,,,,,,
273,2405,,8798.905081817,1743596372.3036506,,,,,,,,,,,,,,,,,,,,,,,,,,,,,,110.0,,,,,,,,,,,,0.9994822144508362,,,,,,,,,,,,,,,,,,,,,,,,,
274,2416,,8798.905646429,1743596372.3042543,,,,,,,,,,,,,,,,,,,,,,,,,,,,,,110.0,,,,,,1.0,,,,,,,,,,,,,,,,,,,,,,,,,,,,,,,
275,2418,,8798.905771169,1743596372.304352,,,,,,,,,,,,,,,,,,,,,,,,,,,,,,110.0,,,,,,,,,0.0007,,,,,,,,,,,,,,,,,,,,,,,,,,,,
276,2431,,8806.340743507,1743596379.693369,,,,,,,,,,,,,,,,,,,,,,,,,,,,,,111.0,,,,0.048,,,,,,,,,,,,,,,,,,,,,,,,,,,,,,,,,
277,2433,,8806.340770898,1743596379.693451,,,,,,,,,,,,,,,,,,,,,,,,,,,,,,111.0,,,,,,,,,,,,,0.2024,,,,,,,,,,,,,,,,,,,,,,,,
278,2471,,8919.143827418,1743596492.542384,,,,,,,,,,,,,,,,,,,,,,,,,,,,,,0.0,,,,,,,,,,,,,,,,,,,0.0909,,,,,,,,,,,,,,,,,,
279,2480,,8930.428991127,1743596503.827549,,,,,,,,,,,,,,,,,,,,,,,,,,,,,,1.0,,,,,,,,,,,,,,,,,,,,17.899555206298828,,,,,,,,,,,,,,,,,
280,2494,,8930.429797141,1743596503.828391,,,,,,,,,,,,,,,,,,,,,,,,,,,,,,1.0,,,,,,,,,,,,,,,,,,,,,0.0243,,,,,,,,,,,,,,,,
281,2514,,8938.023144888,1743596511.4217205,,,,,,,,,,,,,,,,,,,,,,,,,,,,,,2.0,,,,,,,,,,,,,,,,,,,,,,0.0415,,,,,,,,,,,,,,,
282,2515,,8945.856483934,1743596519.2546072,,,,,,,,,,,,,,,,,,,,,,,,,,,,,,3.0,,,,,,,,,,,,,,,,,,,,,,,1.203033447265625,,,,,,,,,,,,,,
283,2519,,8945.856764735,1743596519.255309,,,,,,,,,,,,,,,,,,,,,,,,,,,,,,3.0,,,,,,,,,,,,,,,,,,,,,,,,0.7373144626617432,,,,,,,,,,,,,
284,2520,,8945.856816395,1743596519.2553906,,,,,,,,,,,,,,,,,,,,,,,,,,,,,,3.0,,,,,,,,,,,,,,,,,,,,,,,,,0.9572387337684632,,,,,,,,,,,,
285,2529,,8945.857287057,1743596519.2558775,,,,,,,,,,,,,,,,,,,,,,,,,,,,,,3.0,,,,,,,,,,,,,,,,,,,,,,,,,,0.9797,,,,,,,,,,,
286,2540,,8953.421925203,1743596526.820423,,,,,,,,,,,,,,,,,,,,,,,,,,,,,,4.0,,,,,,,,,,,,,,,,,,,,,,,,,,,0.5291681289672852,,,,,,,,,,
287,2547,,8953.423178587,1743596526.8217328,,,,,,,,,,,,,,,,,,,,,,,,,,,,,,4.0,,,,,,,,,,,,,,,,,,,0.1412,,,,,,,,,,,,,,,,,,
288,2558,,8960.939154838,1743596534.337728,,,,,,,,,,,,,,,,,,,,,,,,,,,,,,5.0,,,,,,,,,,,,,,,,,,,,,,,,,0.9611713886260986,,,,,,,,,,,,
289,2563,,8960.939452629,1743596534.33803,,,,,,,,,,,,,,,,,,,,,,,,,,,,,,5.0,,,,,,,,,,,,,,,,,,,,,,,,,,,,0.8473,,,,,,,,,
290,2566,,8960.93956779,1743596534.338167,,,,,,,,,,,,,,,,,,,,,,,,,,,,,,5.0,,,,,,,,,,,,,,,,,,,0.1506,,,,,,,,,,,,,,,,,,
291,2574,,8968.675270152,1743596542.073769,,,,,,,,,,,,,,,,,,,,,,,,,,,,,,6.0,,,,,,,,,,,,,,,,,,,,,,,,,,,,,14.37051773071289,,,,,,,,
292,2575,,8968.675323852,1743596542.0738568,,,,,,,,,,,,,,,,,,,,,,,,,,,,,,6.0,,,,,,,,,,,,,,,,,,,,15.387415885925291,,,,,,,,,,,,,,,,,
293,2579,,8968.675585043,1743596542.0741663,,,,,,,,,,,,,,,,,,,,,,,,,,,,,,6.0,,,,,,,,,,,,,,,,,,,,,,,,,,,,,,0.6413597733711048,,,,,,,
294,2583,,8968.675768923,1743596542.0743625,,,,,,,,,,,,,,,,,,,,,,,,,,,,,,6.0,,,,,,,,,,,,,,,,,,,,,,,,,,,,,,,0.3271,,,,,,
295,2588,,8968.675996194,1743596542.07459,,,,,,,,,,,,,,,,,,,,,,,,,,,,,,6.0,,,,,,,,,,,,,,,,,,,,,,,,,,,,,,,,0.0312,,,,,
296,2605,,8976.272024577,1743596549.6705744,,,,,,,,,,,,,,,,,,,,,,,,,,,,,,7.0,,,,,,,,,,,,,,,,,,,,,,,,,,0.9829,,,,,,,,,,,
297,2621,,8984.10782898,1743596557.5063818,,,,,,,,,,,,,,,,,,,,,,,,,,,,,,8.0,,,,,,,,,,,,,,,,,,,,,,,,,,,,,,,0.2968,,,,,,
298,2623,,8984.108177261,1743596557.5067313,,,,,,,,,,,,,,,,,,,,,,,,,,,,,,8.0,,,,,,,,,,,,,,,,,,,0.1775,,,,,,,,,,,,,,,,,,
299,2629,,8991.864409855,1743596565.2625313,,,,,,,,,,,,,,,,,,,,,,,,,,,,,,9.0,,,,,,,,,,,,,,,,,,,,,,,0.8640433549880981,,,,,,,,,,,,,,
300,2660,,8999.670812454,1743596573.0693736,,,,,,,,,,,,,,,,,,,,,,,,,,,,,,10.0,,,,,,,,,,,,,,,,,,,,,,,,,,,,,,,,,0.1518,,,,
301,2668,,9007.441596901,1743596580.8399594,,,,,,,,,,,,,,,,,,,,,,,,,,,,,,11.0,,,,,,,,,,,,,,,,,,,,,,,,,,,,,,,,,,0.0,,,
302,2671,,9007.441699052,1743596580.8402328,,,,,,,,,,,,,,,,,,,,,,,,,,,,,,11.0,,,,,,,,,,,,,,,,,,,,,,,,0.8470832109451294,,,,,,,,,,,,,
303,2686,,9015.116649587,1743596588.5148065,,,,,,,,,,,,,,,,,,,,,,,,,,,,,,12.0,,,,,,,,,,,,,,,,,,,,,,,0.7440587878227234,,,,,,,,,,,,,,
304,2695,,9015.117256549,1743596588.5158482,,,,,,,,,,,,,,,,,,,,,,,,,,,,,,12.0,,,,,,,,,,,,,,,,,,,,,,,,,,,,,,,,,,,0.9982,,
305,2718,,9022.956734682,1743596596.3117323,,,,,,,,,,,,,,,,,,,,,,,,,,,,,,13.0,,,,,,,,,,,,,,,,,,,0.2073,,,,,,,,,,,,,,,,,,
306,2726,,9030.395830465,1743596603.7943468,,,,,,,,,,,,,,,,,,,,,,,,,,,,,,14.0,,,,,,,,,,,,,,,,,,,,,,,,,,,,,11.258105278015137,,,,,,,,
307,2727,,9030.395885545,1743596603.794443,,,,,,,,,,,,,,,,,,,,,,,,,,,,,,14.0,,,,,,,,,,,,,,,,,,,,11.934222221374512,,,,,,,,,,,,,,,,,
308,2730,,9030.396114885,1743596603.7946846,,,,,,,,,,,,,,,,,,,,,,,,,,,,,,14.0,,,,,,,,,,,,,,,,,,,,,,,,,,,0.6410079598426819,,,,,,,,,,
309,2777,,9046.217004613,1743596619.5732737,,,,,,,,,,,,,,,,,,,,,,,,,,,,,,16.0,,,,,,,,,,,,,,,,,,,,,,,,,,,,,,,,,,,,0.9628,
310,2779,,9046.217036673,1743596619.573355,,,,,,,,,,,,,,,,,,,,,,,,,,,,,,16.0,,,,,,,,,,,,,,,,,,,,,0.0161,,,,,,,,,,,,,,,,
311,2787,,9054.100421073,1743596627.498824,,,,,,,,,,,,,,,,,,,,,,,,,,,,,,17.0,,,,,,,,,,,,,,,,,,,,,,,,,,,0.6687952876091003,,,,,,,,,,
312,2791,,9054.100604443,1743596627.4990964,,,,,,,,,,,,,,,,,,,,,,,,,,,,,,17.0,,,,,,,,,,,,,,,,,,,,,,,,,,,,0.9589,,,,,,,,,
313,2803,,9062.898483593,1743596636.2969675,,,,,,,,,,,,,,,,,,,,,,,,,,,,,,18.0,,,,,,,,,,,,,,,,,,,,10.473953247070312,,,,,,,,,,,,,,,,,
314,2823,,9070.824113439,1743596644.2225096,,,,,,,,,,,,,,,,,,,,,,,,,,,,,,19.0,,,,,,,,,,,,,,,,,,,,,,,,0.9138764142990112,,,,,,,,,,,,,
315,2836,,9070.826284967,1743596644.2248604,,,,,,,,,,,,,,,,,,,,,,,,,,,,,,19.0,,,,,,,,,,,,,,,,,,,,,0.0144,,,,,,,,,,,,,,,,
316,2853,,9079.276243519,1743596652.6747828,,,,,,,,,,,,,,,,,,,,,,,,,,,,,,20.0,,,,,,,,,,,,,,,,,,,,,,,,,,,,,,,,,,,,0.9679,
317,2878,,9095.955621574,1743596669.3541117,,,,,,,,,,,,,,,,,,,,,,,,,,,,,,22.0,,,,,,,,,,,,,,,,,,,,,,,,,,,,,8.651196479797363,,,,,,,,
318,2888,,9095.957710841,1743596669.3562553,,,,,,,,,,,,,,,,,,,,,,,,,,,,,,22.0,,,,,,,,,,,,,,,,,,,,,,,,,,,,,,,,,0.1737,,,,
319,2894,,9095.958748994,1743596669.3573046,,,,,,,,,,,,,,,,,,,,,,,,,,,,,,22.0,,,,,,,,,,,,,,,,,,,,,,0.0212,,,,,,,,,,,,,,,
320,2898,,9104.547723434,1743596677.9462602,,,,,,,,,,,,,,,,,,,,,,,,,,,,,,23.0,,,,,,,,,,,,,,,,,,,,8.820253372192383,,,,,,,,,,,,,,,,,
321,2905,,9104.548153386,1743596677.9467342,,,,,,,,,,,,,,,,,,,,,,,,,,,,,,23.0,,,,,,,,,,,,,,,,,,,,,,,,,,,,0.9809,,,,,,,,,
322,2909,,9104.548359087,1743596677.9469218,,,,,,,,,,,,,,,,,,,,,,,,,,,,,,23.0,,,,,,,,,,,,,,,,,,,,,,,,,,0.9909,,,,,,,,,,,
323,2920,,9113.277506262,1743596686.6760795,,,,,,,,,,,,,,,,,,,,,,,,,,,,,,24.0,,,,,,,,,,,,,,,,,,,,,,,,,,,0.7188470959663391,,,,,,,,,,
324,2926,,9113.277854403,1743596686.6764262,,,,,,,,,,,,,,,,,,,,,,,,,,,,,,24.0,,,,,,,,,,,,,,,,,,,,,,,,,,,,,,,,,0.1732,,,,
325,2954,,9129.861065159,1743596703.2595575,,,,,,,,,,,,,,,,,,,,,,,,,,,,,,26.0,,,,,,,,,,,,,,,,,,,,,,,,,,,,,7.545446395874023,,,,,,,,
326,2957,,9129.861808151,1743596703.260301,,,,,,,,,,,,,,,,,,,,,,,,,,,,,,26.0,,,,,,,,,,,,,,,,,,,,,,,,,0.9856979846954346,,,,,,,,,,,,
327,2971,,9138.085555405,1743596711.4836955,,,,,,,,,,,,,,,,,,,,,,,,,,,,,,27.0,,,,,,,,,,,,,,,,,,,,,,,0.38083770871162415,,,,,,,,,,,,,,
328,2992,,9146.564633567,1743596719.921646,,,,,,,,,,,,,,,,,,,,,,,,,,,,,,28.0,,,,,,,,,,,,,,,,,,,,,,,,,,,,,7.001081466674805,,,,,,,,
329,3000,,9146.564724487,1743596719.92209,,,,,,,,,,,,,,,,,,,,,,,,,,,,,,28.0,,,,,,,,,,,,,,,,,,,,,,,,,,,,0.9895,,,,,,,,,
330,3005,,9146.564786668,1743596719.922292,,,,,,,,,,,,,,,,,,,,,,,,,,,,,,28.0,,,,,,,,,,,,,,,,,,,,,,,,,,,,,,,,,,,,0.9758,
331,3009,,9154.976191262,1743596728.3743296,,,,,,,,,,,,,,,,,,,,,,,,,,,,,,29.0,,,,,,,,,,,,,,,,,,,,,,,0.3519684374332428,,,,,,,,,,,,,,
332,3044,,9163.176887743,1743596736.5754273,,,,,,,,,,,,,,,,,,,,,,,,,,,,,,30.0,,,,,,,,,,,,,,,,,,,,,,,,,,,,,,,,0.0113,,,,,
333,3054,,9171.502969529,1743596744.9015567,,,,,,,,,,,,,,,,,,,,,,,,,,,,,,31.0,,,,,,,,,,,,,,,,,,,,,,,,,,,,,,0.94299128101945,,,,,,,
334,3061,,9171.503320491,1743596744.9019024,,,,,,,,,,,,,,,,,,,,,,,,,,,,,,31.0,,,,,,,,,,,,,,,,,,,,,,,,,,0.9934,,,,,,,,,,,
335,3069,,9179.732923723,1743596753.131449,,,,,,,,,,,,,,,,,,,,,,,,,,,,,,32.0,,,,,,,,,,,,,,,,,,,,6.401063442230225,,,,,,,,,,,,,,,,,
336,3083,,9179.733642885,1743596753.1322224,,,,,,,,,,,,,,,,,,,,,,,,,,,,,,32.0,,,,,,,,,,,,,,,,,,,,,0.0084,,,,,,,,,,,,,,,,
337,3084,,9179.733681255,1743596753.1322677,,,,,,,,,,,,,,,,,,,,,,,,,,,,,,32.0,,,,,,,,,,,,,,,,,,,,,,0.0125,,,,,,,,,,,,,,,
338,3090,,9188.117799111,1743596761.5163617,,,,,,,,,,,,,,,,,,,,,,,,,,,,,,33.0,,,,,,,,,,,,,,,,,,,,,,,,,0.9897107481956482,,,,,,,,,,,,
339,3097,,9188.118155002,1743596761.5167646,,,,,,,,,,,,,,,,,,,,,,,,,,,,,,33.0,,,,,,,,,,,,,,,,,,,,,,,,,,,,,,,,,0.1659,,,,
340,3106,,9196.612621204,1743596769.969988,,,,,,,,,,,,,,,,,,,,,,,,,,,,,,34.0,,,,,,,,,,,,,,,,,,,,,,,,,,,,,5.686583995819092,,,,,,,,
341,3112,,9196.612695974,1743596769.9704614,,,,,,,,,,,,,,,,,,,,,,,,,,,,,,34.0,,,,,,,,,,,,,,,,,,,,,,,,,,,,,,,,,,,,,0.9523717009893296
342,3122,,9196.612807675,1743596769.970868,,,,,,,,,,,,,,,,,,,,,,,,,,,,,,34.0,,,,,,,,,,,,,,,,,,,,,,0.0112,,,,,,,,,,,,,,,
343,3124,,9204.856260808,1743596778.254691,,,,,,,,,,,,,,,,,,,,,,,,,,,,,,35.0,,,,,,,,,,,,,,,,,,,,,,,,,,,,,,,,,,0.0,,,
344,3135,,9204.85686216,1743596778.255469,,,,,,,,,,,,,,,,,,,,,,,,,,,,,,35.0,,,,,,,,,,,,,,,,,,,,,,,,,,,,,,,,,0.1629,,,,
345,3136,,9204.856922361,1743596778.255514,,,,,,,,,,,,,,,,,,,,,,,,,,,,,,35.0,,,,,,,,,,,,,,,,,,,0.2438,,,,,,,,,,,,,,,,,,
346,3137,,9204.856958182,1743596778.2555623,,,,,,,,,,,,,,,,,,,,,,,,,,,,,,35.0,,,,,,,,,,,,,,,,,,,,,,,,,,0.9944,,,,,,,,,,,
347,3140,,9204.857105511,1743596778.2556975,,,,,,,,,,,,,,,,,,,,,,,,,,,,,,35.0,,,,,,,,,,,,,,,,,,,,,0.0074,,,,,,,,,,,,,,,,
348,3155,,9213.253620012,1743596786.652207,,,,,,,,,,,,,,,,,,,,,,,,,,,,,,36.0,,,,,,,,,,,,,,,,,,,0.2427,,,,,,,,,,,,,,,,,,
349,3159,,9213.253797144,1743596786.6524022,,,,,,,,,,,,,,,,,,,,,,,,,,,,,,36.0,,,,,,,,,,,,,,,,,,,,,0.0071,,,,,,,,,,,,,,,,
350,3165,,9221.60738558,1743596795.0059516,,,,,,,,,,,,,,,,,,,,,,,,,,,,,,37.0,,,,,,,,,,,,,,,,,,,,,,,,0.982395589351654,,,,,,,,,,,,,
351,3166,,9221.607469221,1743596795.006034,,,,,,,,,,,,,,,,,,,,,,,,,,,,,,37.0,,,,,,,,,,,,,,,,,,,,,,,,,0.9915183186531068,,,,,,,,,,,,
352,3167,,9221.607531821,1743596795.0061133,,,,,,,,,,,,,,,,,,,,,,,,,,,,,,37.0,,,,,,,,,,,,,,,,,,,,,,,,,,,0.7997928857803345,,,,,,,,,,
353,3187,,9229.945234824,1743596803.3438406,,,,,,,,,,,,,,,,,,,,,,,,,,,,,,38.0,,,,,,,,,,,,,,,,,,,,,,,,,,,,,,0.9684049600815356,,,,,,,
354,3196,,9229.945655534,1743596803.3442578,,,,,,,,,,,,,,,,,,,,,,,,,,,,,,38.0,,,,,,,,,,,,,,,,,,,,,,,,,,,,,,,,0.0078,,,,,
355,3204,,9238.426774637,1743596811.8253374,,,,,,,,,,,,,,,,,,,,,,,,,,,,,,39.0,,,,,,,,,,,,,,,,,,,,,,,,,0.9922857284545898,,,,,,,,,,,,
356,3212,,9238.427178758,1743596811.825778,,,,,,,,,,,,,,,,,,,,,,,,,,,,,,39.0,,,,,,,,,,,,,,,,,,,0.2378,,,,,,,,,,,,,,,,,,
357,3218,,9246.791789936,1743596820.1899211,,,,,,,,,,,,,,,,,,,,,,,,,,,,,,40.0,,,,,,,,,,,,,,,,,,,,,,,0.25014302134513855,,,,,,,,,,,,,,
358,3230,,9246.794531086,1743596820.193084,,,,,,,,,,,,,,,,,,,,,,,,,,,,,,40.0,,,,,,,,,,,,,,,,,,,,,,,,,,,,,,,,,0.1536,,,,
359,3236,,9246.795578629,1743596820.1941326,,,,,,,,,,,,,,,,,,,,,,,,,,,,,,40.0,,,,,,,,,,,,,,,,,,,,,,0.0086,,,,,,,,,,,,,,,
360,3259,,9263.916247245,1743596837.3147657,,,,,,,,,,,,,,,,,,,,,,,,,,,,,,42.0,,,,,,,,,,,,,,,,,,,,4.408123016357422,,,,,,,,,,,,,,,,,
361,3260,,9263.916285805,1743596837.3148468,,,,,,,,,,,,,,,,,,,,,,,,,,,,,,42.0,,,,,,,,,,,,,,,,,,,,,,,,0.9887815117836,,,,,,,,,,,,,
362,3271,,9263.916937487,1743596837.3154871,,,,,,,,,,,,,,,,,,,,,,,,,,,,,,42.0,,,,,,,,,,,,,,,,,,,,,,,,,,,,,,,,,,,,0.9856,
363,3319,,9289.743822373,1743596863.1423864,,,,,,,,,,,,,,,,,,,,,,,,,,,,,,45.0,,,,,,,,,,,,,,,,,,,,,,,,,,,0.8401795029640198,,,,,,,,,,
364,3323,,9289.744049324,1743596863.142632,,,,,,,,,,,,,,,,,,,,,,,,,,,,,,45.0,,,,,,,,,,,,,,,,,,,,,,,,,,,,0.9983,,,,,,,,,
365,3326,,9289.744182804,1743596863.142769,,,,,,,,,,,,,,,,,,,,,,,,,,,,,,45.0,,,,,,,,,,,,,,,,,,,0.2298,,,,,,,,,,,,,,,,,,
366,3327,,9289.744220884,1743596863.1428146,,,,,,,,,,,,,,,,,,,,,,,,,,,,,,45.0,,,,,,,,,,,,,,,,,,,,,,,,,,0.9964,,,,,,,,,,,
367,3328,,9289.744258775,1743596863.1428592,,,,,,,,,,,,,,,,,,,,,,,,,,,,,,45.0,,,,,,,,,,,,,,,,,,,,,,,,,,,,,,,,,,,,0.9872,
368,3350,,9298.241001073,1743596871.639577,,,,,,,,,,,,,,,,,,,,,,,,,,,,,,46.0,,,,,,,,,,,,,,,,,,,,,,0.0068,,,,,,,,,,,,,,,
369,3358,,9307.060765055,1743596880.41648,,,,,,,,,,,,,,,,,,,,,,,,,,,,,,47.0,,,,,,,,,,,,,,,,,,,,,,,,,,,,,,0.9842465753424656,,,,,,,
370,3369,,9307.060887606,1743596880.4169266,,,,,,,,,,,,,,,,,,,,,,,,,,,,,,47.0,,,,,,,,,,,,,,,,,,,,,,0.0065,,,,,,,,,,,,,,,
371,3374,,9315.403534718,1743596888.802029,,,,,,,,,,,,,,,,,,,,,,,,,,,,,,48.0,,,,,,,,,,,,,,,,,,,,,,,,0.9934414625167848,,,,,,,,,,,,,
372,3378,,9315.403700338,1743596888.802304,,,,,,,,,,,,,,,,,,,,,,,,,,,,,,48.0,,,,,,,,,,,,,,,,,,,,,,,,,,,,,,,,,,,,,0.97597845412875
373,3382,,9315.403933259,1743596888.8024912,,,,,,,,,,,,,,,,,,,,,,,,,,,,,,48.0,,,,,,,,,,,,,,,,,,,,,,,,,,,,,,,,,0.1427,,,,
374,3383,,9315.403943129,1743596888.8025346,,,,,,,,,,,,,,,,,,,,,,,,,,,,,,48.0,,,,,,,,,,,,,,,,,,,0.2267,,,,,,,,,,,,,,,,,,
375,3384,,9315.403991259,1743596888.8025756,,,,,,,,,,,,,,,,,,,,,,,,,,,,,,48.0,,,,,,,,,,,,,,,,,,,,,,,,,,0.9969,,,,,,,,,,,
376,3388,,9315.40415908,1743596888.8027472,,,,,,,,,,,,,,,,,,,,,,,,,,,,,,48.0,,,,,,,,,,,,,,,,,,,,,,0.0062,,,,,,,,,,,,,,,
377,3399,,9323.989249337,1743596897.387834,,,,,,,,,,,,,,,,,,,,,,,,,,,,,,49.0,,,,,,,,,,,,,,,,,,,,,,,,,,,,0.999,,,,,,,,,
378,3400,,9323.989321959,1743596897.3878996,,,,,,,,,,,,,,,,,,,,,,,,,,,,,,49.0,,,,,,,,,,,,,,,,,,,,,,,,,,,,,,,0.0677,,,,,,
379,3401,,9323.989390188,1743596897.3879654,,,,,,,,,,,,,,,,,,,,,,,,,,,,,,49.0,,,,,,,,,,,,,,,,,,,,,,,,,,,,,,,,,0.1412,,,,
380,3406,,9323.98970346,1743596897.3882751,,,,,,,,,,,,,,,,,,,,,,,,,,,,,,49.0,,,,,,,,,,,,,,,,,,,,,0.0039,,,,,,,,,,,,,,,,
381,3409,,9332.686441467,1743596906.0849276,,,,,,,,,,,,,,,,,,,,,,,,,,,,,,50.0,,,,,,,,,,,,,,,,,,,,,,,,,,,,,,,,,,0.0,,,
382,3420,,9332.688730505,1743596906.0872846,,,,,,,,,,,,,,,,,,,,,,,,,,,,,,50.0,,,,,,,,,,,,,,,,,,,,,,,,,,,,,,,,,0.14,,,,
383,3437,,9341.396340938,1743596914.7949166,,,,,,,,,,,,,,,,,,,,,,,,,,,,,,51.0,,,,,,,,,,,,,,,,,,,,,,,,,,,,0.9995,,,,,,,,,
384,3438,,9341.396379378,1743596914.7949622,,,,,,,,,,,,,,,,,,,,,,,,,,,,,,51.0,,,,,,,,,,,,,,,,,,,,,,,,,,,,,,,0.0647,,,,,,
385,3445,,9341.396704889,1743596914.7952926,,,,,,,,,,,,,,,,,,,,,,,,,,,,,,51.0,,,,,,,,,,,,,,,,,,,,,,0.0052,,,,,,,,,,,,,,,
386,3467,,9358.846957986,1743596932.245452,,,,,,,,,,,,,,,,,,,,,,,,,,,,,,53.0,,,,,,,,,,,,,,,,,,,,,,,,,,,,,2.673914670944214,,,,,,,,
387,3479,,9358.847597748,1743596932.246197,,,,,,,,,,,,,,,,,,,,,,,,,,,,,,53.0,,,,,,,,,,,,,,,,,,,,,,,,,,0.9975,,,,,,,,,,,
388,3485,,9367.544631152,1743596940.902442,,,,,,,,,,,,,,,,,,,,,,,,,,,,,,54.0,,,,,,,,,,,,,,,,,,,,,,,,,,,,,,,,,,0.0,,,
389,3488,,9367.544693272,1743596940.9026744,,,,,,,,,,,,,,,,,,,,,,,,,,,,,,54.0,,,,,,,,,,,,,,,,,,,,,,,,0.9970659017562866,,,,,,,,,,,,,
390,3498,,9367.544818172,1743596940.9031718,,,,,,,,,,,,,,,,,,,,,,,,,,,,,,54.0,,,,,,,,,,,,,,,,,,,,,,,,,,0.9976,,,,,,,,,,,
391,3508,,9376.460698142,1743596949.815326,,,,,,,,,,,,,,,,,,,,,,,,,,,,,,55.0,,,,,,,,,,,,,,,,,,,,,,,,,0.9965342879295348,,,,,,,,,,,,
392,3530,,9385.348957095,1743596958.7475302,,,,,,,,,,,,,,,,,,,,,,,,,,,,,,56.0,,,,,,,,,,,,,,,,,,,,,,,,,,,,,,,,,,,,,0.984089083113704
393,3533,,9385.349414617,1743596958.7479885,,,,,,,,,,,,,,,,,,,,,,,,,,,,,,56.0,,,,,,,,,,,,,,,,,,,,,,,,,,,,,,,0.059,,,,,,
394,3536,,9385.349862519,1743596958.7484372,,,,,,,,,,,,,,,,,,,,,,,,,,,,,,56.0,,,,,,,,,,,,,,,,,,,,,,,,,,0.9978,,,,,,,,,,,
395,3555,,9394.064475952,1743596967.463073,,,,,,,,,,,,,,,,,,,,,,,,,,,,,,57.0,,,,,,,,,,,,,,,,,,,,,,,,,,0.998,,,,,,,,,,,
396,3559,,9394.064647103,1743596967.463254,,,,,,,,,,,,,,,,,,,,,,,,,,,,,,57.0,,,,,,,,,,,,,,,,,,,,,,0.0036,,,,,,,,,,,,,,,
397,3583,,9412.268458859,1743596985.6670222,,,,,,,,,,,,,,,,,,,,,,,,,,,,,,59.0,,,,,,,,,,,,,,,,,,,,,,,,0.998619258403778,,,,,,,,,,,,,
398,3584,,9412.26853613,1743596985.667108,,,,,,,,,,,,,,,,,,,,,,,,,,,,,,59.0,,,,,,,,,,,,,,,,,,,,,,,,,0.9972354769706726,,,,,,,,,,,,
399,3594,,9412.269064982,1743596985.6676378,,,,,,,,,,,,,,,,,,,,,,,,,,,,,,59.0,,,,,,,,,,,,,,,,,,,,,,,,,,,,,,,,,,,,0.9928,
400,3599,,9421.267639581,1743596994.666125,,,,,,,,,,,,,,,,,,,,,,,,,,,,,,60.0,,,,,,,,,,,,,,,,,,,,,,,,,,,,,,,,,,0.0,,,
401,3602,,9421.268427754,1743596994.666914,,,,,,,,,,,,,,,,,,,,,,,,,,,,,,60.0,,,,,,,,,,,,,,,,,,,,,,,,0.9987918734550476,,,,,,,,,,,,,
402,3641,,9439.116536494,1743597012.515102,,,,,,,,,,,,,,,,,,,,,,,,,,,,,,62.0,,,,,,,,,,,,,,,,,,,,,,,,,0.9976699948310852,,,,,,,,,,,,
403,3655,,9448.286476729,1743597021.684578,,,,,,,,,,,,,,,,,,,,,,,,,,,,,,63.0,,,,,,,,,,,,,,,,,,,,,,,0.17013822495937347,,,,,,,,,,,,,,
404,3662,,9448.286908541,1743597021.6854978,,,,,,,,,,,,,,,,,,,,,,,,,,,,,,63.0,,,,,,,,,,,,,,,,,,,,,,,,,,,,,,0.9979310344827588,,,,,,,
405,3675,,9457.53275432,1743597030.8838522,,,,,,,,,,,,,,,,,,,,,,,,,,,,,,64.0,,,,,,,,,,,,,,,,,,,,,,,,,,,,,,,,,,0.0,,,
406,3687,,9457.533006791,1743597030.8845286,,,,,,,,,,,,,,,,,,,,,,,,,,,,,,64.0,,,,,,,,,,,,,,,,,,,0.211,,,,,,,,,,,,,,,,,,
407,3690,,9457.533056181,1743597030.884649,,,,,,,,,,,,,,,,,,,,,,,,,,,,,,64.0,,,,,,,,,,,,,,,,,,,,,,,,,,,,,,,,0.0021,,,,,
408,3697,,9466.620700697,1743597039.9815335,,,,,,,,,,,,,,,,,,,,,,,,,,,,,,65.0,,,,,,,,,,,,,,,,,,,,,,,,0.9989644289016724,,,,,,,,,,,,,
409,3699,,9466.620722217,1743597039.9816651,,,,,,,,,,,,,,,,,,,,,,,,,,,,,,65.0,,,,,,,,,,,,,,,,,,,,,,,,,,,0.9166378974914552,,,,,,,,,,
410,3708,,9466.620834457,1743597039.9820614,,,,,,,,,,,,,,,,,,,,,,,,,,,,,,65.0,,,,,,,,,,,,,,,,,,,,,,,,,,,,,,,,,,,,0.9945,
411,3709,,9466.620846257,1743597039.9821012,,,,,,,,,,,,,,,,,,,,,,,,,,,,,,65.0,,,,,,,,,,,,,,,,,,,,,,,,,,,,,,,,0.0019,,,,,
412,3714,,9475.649228318,1743597049.0477746,,,,,,,,,,,,,,,,,,,,,,,,,,,,,,66.0,,,,,,,,,,,,,,,,,,,,,,,,,,,,,1.5024116039276123,,,,,,,,
413,3715,,9475.649330469,1743597049.0478702,,,,,,,,,,,,,,,,,,,,,,,,,,,,,,66.0,,,,,,,,,,,,,,,,,,,,1.6691514253616333,,,,,,,,,,,,,,,,,
414,3721,,9475.6497187,1743597049.048308,,,,,,,,,,,,,,,,,,,,,,,,,,,,,,66.0,,,,,,,,,,,,,,,,,,,,,,,,,,,,,,,,,,,1.0,,
415,3727,,9475.649994291,1743597049.0485845,,,,,,,,,,,,,,,,,,,,,,,,,,,,,,66.0,,,,,,,,,,,,,,,,,,,,,,,,,,,,,,,,,,,,0.9948,
416,3737,,9485.209130921,1743597058.607633,,,,,,,,,,,,,,,,,,,,,,,,,,,,,,67.0,,,,,,,,,,,,,,,,,,,,,,,,,,,0.9235416054725648,,,,,,,,,,
417,3738,,9485.209329441,1743597058.6078746,,,,,,,,,,,,,,,,,,,,,,,,,,,,,,67.0,,,,,,,,,,,,,,,,,,,,,,,,,,,,,,0.9982755647525436,,,,,,,
418,3740,,9485.209716493,1743597058.608248,,,,,,,,,,,,,,,,,,,,,,,,,,,,,,67.0,,,,,,,,,,,,,,,,,,,,,,,,,,,,,,,,,,,1.0,,
419,3743,,9485.210256155,1743597058.608807,,,,,,,,,,,,,,,,,,,,,,,,,,,,,,67.0,,,,,,,,,,,,,,,,,,,,,,,,,,,,,,,,,0.1251,,,,
420,3757,,9494.342804962,1743597067.741378,,,,,,,,,,,,,,,,,,,,,,,,,,,,,,68.0,,,,,,,,,,,,,,,,,,,,,,,,,,,,,,0.9982755647525436,,,,,,,
421,3763,,9494.343065193,1743597067.7416675,,,,,,,,,,,,,,,,,,,,,,,,,,,,,,68.0,,,,,,,,,,,,,,,,,,,0.209,,,,,,,,,,,,,,,,,,
422,3773,,9503.701068609,1743597077.0996168,,,,,,,,,,,,,,,,,,,,,,,,,,,,,,69.0,,,,,,,,,,,,,,,,,,,,,,,,0.9993096590042114,,,,,,,,,,,,,
423,3777,,9503.70130564,1743597077.0999055,,,,,,,,,,,,,,,,,,,,,,,,,,,,,,69.0,,,,,,,,,,,,,,,,,,,,,,,,,,,,,,,,,,,,,0.9923204087766756
424,3787,,9503.701796602,1743597077.100377,,,,,,,,,,,,,,,,,,,,,,,,,,,,,,69.0,,,,,,,,,,,,,,,,,,,,,,0.0021,,,,,,,,,,,,,,,
425,3789,,9512.645762691,1743597086.0441816,,,,,,,,,,,,,,,,,,,,,,,,,,,,,,70.0,,,,,,,,,,,,,,,,,,,,,,,,,,,,,,,,,,0.0,,,
426,3797,,9512.646323742,1743597086.0448976,,,,,,,,,,,,,,,,,,,,,,,,,,,,,,70.0,,,,,,,,,,,,,,,,,,,,,,,,,,,,,,,,,,,1.0,,
427,3811,,9521.727968768,1743597095.126551,,,,,,,,,,,,,,,,,,,,,,,,,,,,,,71.0,,,,,,,,,,,,,,,,,,,,,,,,0.9993096590042114,,,,,,,,,,,,,
428,3812,,9521.728052329,1743597095.1266274,,,,,,,,,,,,,,,,,,,,,,,,,,,,,,71.0,,,,,,,,,,,,,,,,,,,,,,,,,0.9985684156417848,,,,,,,,,,,,
429,3816,,9521.72829678,1743597095.126886,,,,,,,,,,,,,,,,,,,,,,,,,,,,,,71.0,,,,,,,,,,,,,,,,,,,,,,,,,,,,,,,,,,,1.0,,
430,3820,,9521.72856668,1743597095.127102,,,,,,,,,,,,,,,,,,,,,,,,,,,,,,71.0,,,,,,,,,,,,,,,,,,,0.2074,,,,,,,,,,,,,,,,,,
431,3824,,9521.728742741,1743597095.1272752,,,,,,,,,,,,,,,,,,,,,,,,,,,,,,71.0,,,,,,,,,,,,,,,,,,,,,0.0012,,,,,,,,,,,,,,,,
432,3829,,9531.077961649,1743597104.476524,,,,,,,,,,,,,,,,,,,,,,,,,,,,,,72.0,,,,,,,,,,,,,,,,,,,,1.3193740844726562,,,,,,,,,,,,,,,,,
433,3832,,9531.07819131,1743597104.476764,,,,,,,,,,,,,,,,,,,,,,,,,,,,,,72.0,,,,,,,,,,,,,,,,,,,,,,,,,,,0.9363134503364564,,,,,,,,,,
434,3867,,9549.637912698,1743597123.036312,,,,,,,,,,,,,,,,,,,,,,,,,,,,,,74.0,,,,,,,,,,,,,,,,,,,,1.1940768957138062,,,,,,,,,,,,,,,,,
435,3870,,9549.639027601,1743597123.037469,,,,,,,,,,,,,,,,,,,,,,,,,,,,,,74.0,,,,,,,,,,,,,,,,,,,,,,,,,,,0.9418363571166992,,,,,,,,,,
436,3874,,9549.639903714,1743597123.038448,,,,,,,,,,,,,,,,,,,,,,,,,,,,,,74.0,,,,,,,,,,,,,,,,,,,,,,,,,,,,0.9998,,,,,,,,,
437,3883,,9558.903823791,1743597132.3019474,,,,,,,,,,,,,,,,,,,,,,,,,,,,,,75.0,,,,,,,,,,,,,,,,,,,,,,,0.15978483855724335,,,,,,,,,,,,,,
438,3893,,9558.904486634,1743597132.3030744,,,,,,,,,,,,,,,,,,,,,,,,,,,,,,75.0,,,,,,,,,,,,,,,,,,,,,,,,,,,,0.9998,,,,,,,,,
439,3894,,9558.904526064,1743597132.3031209,,,,,,,,,,,,,,,,,,,,,,,,,,,,,,75.0,,,,,,,,,,,,,,,,,,,,,,,,,,,,,,,0.0499,,,,,,
440,3901,,9558.904858735,1743597132.30344,,,,,,,,,,,,,,,,,,,,,,,,,,,,,,75.0,,,,,,,,,,,,,,,,,,,,,,0.0016,,,,,,,,,,,,,,,
441,3902,,9568.170216451,1743597141.5683296,,,,,,,,,,,,,,,,,,,,,,,,,,,,,,76.0,,,,,,,,,,,,,,,,,,,,,,,0.1591767519712448,,,,,,,,,,,,,,
442,3907,,9568.212729745,1743597141.5692325,,,,,,,,,,,,,,,,,,,,,,,,,,,,,,76.0,,,,,,,,,,,,,,,,,,,,,,,,,0.9989659786224364,,,,,,,,,,,,
443,3910,,9568.212764156,1743597141.5693967,,,,,,,,,,,,,,,,,,,,,,,,,,,,,,76.0,,,,,,,,,,,,,,,,,,,,,,,,,,,,,,,,,,,,,0.9949569347783608
444,3916,,9568.212829485,1743597141.5696418,,,,,,,,,,,,,,,,,,,,,,,,,,,,,,76.0,,,,,,,,,,,,,,,,,,,,,,,,,,0.9993,,,,,,,,,,,
445,3917,,9568.212838345,1743597141.5696826,,,,,,,,,,,,,,,,,,,,,,,,,,,,,,76.0,,,,,,,,,,,,,,,,,,,,,,,,,,,,,,,,,,,,0.997,
446,3926,,9577.648667565,1743597151.0060394,,,,,,,,,,,,,,,,,,,,,,,,,,,,,,77.0,,,,,,,,,,,,,,,,,,,,,,,,,0.999049186706543,,,,,,,,,,,,
447,3937,,9577.648794065,1743597151.0065265,,,,,,,,,,,,,,,,,,,,,,,,,,,,,,77.0,,,,,,,,,,,,,,,,,,,,,,,,,,,,,,,,0.0009,,,,,
448,3943,,9587.044744642,1743597160.3986125,,,,,,,,,,,,,,,,,,,,,,,,,,,,,,78.0,,,,,,,,,,,,,,,,,,,,0.955626666545868,,,,,,,,,,,,,,,,,
449,3947,,9587.044809551,1743597160.3988566,,,,,,,,,,,,,,,,,,,,,,,,,,,,,,78.0,,,,,,,,,,,,,,,,,,,,,,,,,,,,,,0.9989649818871832,,,,,,,
450,3956,,9587.044974832,1743597160.399247,,,,,,,,,,,,,,,,,,,,,,,,,,,,,,78.0,,,,,,,,,,,,,,,,,,,,,,,,,,,,,,,,0.0009,,,,,
451,3966,,9596.372915186,1743597169.7292948,,,,,,,,,,,,,,,,,,,,,,,,,,,,,,79.0,,,,,,,,,,,,,,,,,,,,,,,,,,,,,,0.9989649818871832,,,,,,,
452,3972,,9596.373034016,1743597169.7295537,,,,,,,,,,,,,,,,,,,,,,,,,,,,,,79.0,,,,,,,,,,,,,,,,,,,0.2041,,,,,,,,,,,,,,,,,,
453,3986,,9605.487071178,1743597178.8856666,,,,,,,,,,,,,,,,,,,,,,,,,,,,,,80.0,,,,,,,,,,,,,,,,,,,,,,,,,,,,,,,,,,,,,0.9962268405426736
454,3988,,9605.487211349,1743597178.8858109,,,,,,,,,,,,,,,,,,,,,,,,,,,,,,80.0,,,,,,,,,,,,,,,,,,,,,,,,,,,,0.9999,,,,,,,,,
455,3992,,9605.4874788,1743597178.8860729,,,,,,,,,,,,,,,,,,,,,,,,,,,,,,80.0,,,,,,,,,,,,,,,,,,,,,,,,,,0.9995,,,,,,,,,,,
456,4001,,9615.127276345,1743597188.5257633,,,,,,,,,,,,,,,,,,,,,,,,,,,,,,81.0,,,,,,,,,,,,,,,,,,,,,,,,0.9996548295021056,,,,,,,,,,,,,
457,4004,,9615.128004678,1743597188.5265398,,,,,,,,,,,,,,,,,,,,,,,,,,,,,,81.0,,,,,,,,,,,,,,,,,,,,,,,,,,,,,,0.9993098688750862,,,,,,,
458,4009,,9615.128940451,1743597188.52749,,,,,,,,,,,,,,,,,,,,,,,,,,,,,,81.0,,,,,,,,,,,,,,,,,,,,,,,,,,,,,,,,,0.1196,,,,
459,4014,,9615.129860105,1743597188.528409,,,,,,,,,,,,,,,,,,,,,,,,,,,,,,81.0,,,,,,,,,,,,,,,,,,,,,0.0006,,,,,,,,,,,,,,,,
460,4021,,9624.65774484,1743597198.0563102,,,,,,,,,,,,,,,,,,,,,,,,,,,,,,82.0,,,,,,,,,,,,,,,,,,,,,,,,,0.99933123588562,,,,,,,,,,,,
461,4026,,9624.65804438,1743597198.056633,,,,,,,,,,,,,,,,,,,,,,,,,,,,,,82.0,,,,,,,,,,,,,,,,,,,,,,,,,,,,0.9999,,,,,,,,,
462,4028,,9624.658129551,1743597198.0567305,,,,,,,,,,,,,,,,,,,,,,,,,,,,,,82.0,,,,,,,,,,,,,,,,,,,,,,,,,,,,,,,,,0.1194,,,,
463,4034,,9624.658408812,1743597198.057011,,,,,,,,,,,,,,,,,,,,,,,,,,,,,,82.0,,,,,,,,,,,,,,,,,,,,,,0.0011,,,,,,,,,,,,,,,
464,4042,,9634.202002209,1743597207.6005898,,,,,,,,,,,,,,,,,,,,,,,,,,,,,,83.0,,,,,,,,,,,,,,,,,,,,,,,,,,,,,,0.9993098688750862,,,,,,,
465,4047,,9634.202231419,1743597207.6008322,,,,,,,,,,,,,,,,,,,,,,,,,,,,,,83.0,,,,,,,,,,,,,,,,,,,,,,,,,,,,,,,,,0.1192,,,,
466,4049,,9634.20237099,1743597207.6009188,,,,,,,,,,,,,,,,,,,,,,,,,,,,,,83.0,,,,,,,,,,,,,,,,,,,,,,,,,,0.9996,,,,,,,,,,,
467,4053,,9634.20250076,1743597207.6010857,,,,,,,,,,,,,,,,,,,,,,,,,,,,,,83.0,,,,,,,,,,,,,,,,,,,,,,0.001,,,,,,,,,,,,,,,
468,4060,,9643.564420499,1743597216.9628932,,,,,,,,,,,,,,,,,,,,,,,,,,,,,,84.0,,,,,,,,,,,,,,,,,,,,,,,,,,,0.96617192029953,,,,,,,,,,
469,4064,,9643.565204771,1743597216.9637525,,,,,,,,,,,,,,,,,,,,,,,,,,,,,,84.0,,,,,,,,,,,,,,,,,,,,,,,,,,,,0.9999,,,,,,,,,
470,4094,,9662.734637368,1743597236.1330955,,,,,,,,,,,,,,,,,,,,,,,,,,,,,,86.0,,,,,,,,,,,,,,,,,,,,,,,,,,,,,0.4846688210964203,,,,,,,,
471,4100,,9662.736086834,1743597236.1346357,,,,,,,,,,,,,,,,,,,,,,,,,,,,,,86.0,,,,,,,,,,,,,,,,,,,,,,,,,,,,,,,,,,,,,0.9976698036621666
472,4113,,9672.339122186,1743597245.7376394,,,,,,,,,,,,,,,,,,,,,,,,,,,,,,87.0,,,,,,,,,,,,,,,,,,,,,,,,,,,,,0.45298102498054504,,,,,,,,
473,4119,,9672.339499547,1743597245.7380877,,,,,,,,,,,,,,,,,,,,,,,,,,,,,,87.0,,,,,,,,,,,,,,,,,,,,,,,,,,,,,,,,,,,,,0.9978727082753904
474,4122,,9672.339622167,1743597245.738228,,,,,,,,,,,,,,,,,,,,,,,,,,,,,,87.0,,,,,,,,,,,,,,,,,,,,,,,,,,,,,,,0.0483,,,,,,
475,4126,,9672.339803419,1743597245.738409,,,,,,,,,,,,,,,,,,,,,,,,,,,,,,87.0,,,,,,,,,,,,,,,,,,,,,,,,,,,,,,,,,,,,0.9987,
476,4133,,9682.016492643,1743597255.4150193,,,,,,,,,,,,,,,,,,,,,,,,,,,,,,88.0,,,,,,,,,,,,,,,,,,,,0.5796035528182983,,,,,,,,,,,,,,,,,
477,4136,,9682.016699904,1743597255.4152718,,,,,,,,,,,,,,,,,,,,,,,,,,,,,,88.0,,,,,,,,,,,,,,,,,,,,,,,,,,,0.974801540374756,,,,,,,,,,
478,4140,,9682.016945005,1743597255.4155035,,,,,,,,,,,,,,,,,,,,,,,,,,,,,,88.0,,,,,,,,,,,,,,,,,,,,,,,,,,,,0.9999,,,,,,,,,
479,4143,,9682.017044876,1743597255.4156432,,,,,,,,,,,,,,,,,,,,,,,,,,,,,,88.0,,,,,,,,,,,,,,,,,,,0.2036,,,,,,,,,,,,,,,,,,
480,4144,,9682.017080325,1743597255.4156876,,,,,,,,,,,,,,,,,,,,,,,,,,,,,,88.0,,,,,,,,,,,,,,,,,,,,,,,,,,0.9998,,,,,,,,,,,
481,4161,,9691.834726106,1743597265.233317,,,,,,,,,,,,,,,,,,,,,,,,,,,,,,89.0,,,,,,,,,,,,,,,,,,,,,,,,,,,,,,,,,0.1182,,,,
482,4164,,9691.834860027,1743597265.2334487,,,,,,,,,,,,,,,,,,,,,,,,,,,,,,89.0,,,,,,,,,,,,,,,,,,,,,,,,,,,,,,,,,,,,0.999,
483,4170,,9701.656514011,1743597275.0549304,,,,,,,,,,,,,,,,,,,,,,,,,,,,,,90.0,,,,,,,,,,,,,,,,,,,,,,,,,,,,,0.3687865138053894,,,,,,,,
484,4179,,9701.658668559,1743597275.0572195,,,,,,,,,,,,,,,,,,,,,,,,,,,,,,90.0,,,,,,,,,,,,,,,,,,,,,,,,,,,,,,,0.0481,,,,,,
485,4183,,9701.659417362,1743597275.0579624,,,,,,,,,,,,,,,,,,,,,,,,,,,,,,90.0,,,,,,,,,,,,,,,,,,,,,,,,,,,,,,,,,,,,0.999,
486,4190,,9711.427872134,1743597284.8264427,,,,,,,,,,,,,,,,,,,,,,,,,,,,,,91.0,,,,,,,,,,,,,,,,,,,,0.49598175287246704,,,,,,,,,,,,,,,,,
487,4197,,9711.428369176,1743597284.8269055,,,,,,,,,,,,,,,,,,,,,,,,,,,,,,91.0,,,,,,,,,,,,,,,,,,,,,,,,,,,,0.9999,,,,,,,,,
488,4206,,9721.087839961,1743597294.4860222,,,,,,,,,,,,,,,,,,,,,,,,,,,,,,92.0,,,,,,,,,,,,,,,,,,,,,,,0.15391504764556885,,,,,,,,,,,,,,
489,4208,,9721.088125971,1743597294.486651,,,,,,,,,,,,,,,,,,,,,,,,,,,,,,92.0,,,,,,,,,,,,,,,,,,,,,,,,,,,,,0.31717541813850403,,,,,,,,
490,4231,,9731.476435702,1743597304.8749928,,,,,,,,,,,,,,,,,,,,,,,,,,,,,,93.0,,,,,,,,,,,,,,,,,,,,,,,,,,,0.9839488863945008,,,,,,,,,,
491,4270,,9751.071467353,1743597324.4697125,,,,,,,,,,,,,,,,,,,,,,,,,,,,,,95.0,,,,,,,,,,,,,,,,,,,,,,,,,,,,,,0.9996548748921484,,,,,,,
492,4274,,9751.071567333,1743597324.4699018,,,,,,,,,,,,,,,,,,,,,,,,,,,,,,95.0,,,,,,,,,,,,,,,,,,,,,,,,,,,,,,,0.0477,,,,,,
493,4280,,9751.072039515,1743597324.4701695,,,,,,,,,,,,,,,,,,,,,,,,,,,,,,95.0,,,,,,,,,,,,,,,,,,,,,0.0002,,,,,,,,,,,,,,,,
494,4283,,9760.807906991,1743597334.206293,,,,,,,,,,,,,,,,,,,,,,,,,,,,,,96.0,,,,,,,,,,,,,,,,,,,,,,,,,,,,,,,,,,0.0,,,
495,4288,,9760.808987466,1743597334.2075071,,,,,,,,,,,,,,,,,,,,,,,,,,,,,,96.0,,,,,,,,,,,,,,,,,,,,,,,,,,,0.9877459406852722,,,,,,,,,,
496,4292,,9760.809647588,1743597334.208203,,,,,,,,,,,,,,,,,,,,,,,,,,,,,,96.0,,,,,,,,,,,,,,,,,,,,,,,,,,,,0.9997,,,,,,,,,
497,4299,,9760.810720492,1743597334.2092905,,,,,,,,,,,,,,,,,,,,,,,,,,,,,,96.0,,,,,,,,,,,,,,,,,,,,,0.0002,,,,,,,,,,,,,,,,
498,4320,,9781.288715444,1743597354.686833,,,,,,,,,,,,,,,,,,,,,,,,,,,,,,98.0,,,,,,,,,,,,,,,,,,,,,,,0.15298794209957123,,,,,,,,,,,,,,
499,4322,,9781.288849904,1743597354.6873922,,,,,,,,,,,,,,,,,,,,,,,,,,,,,,98.0,,,,,,,,,,,,,,,,,,,,,,,,,,,,,0.20808978378772736,,,,,,,,
500,4332,,9781.289431806,1743597354.6880314,,,,,,,,,,,,,,,,,,,,,,,,,,,,,,98.0,,,,,,,,,,,,,,,,,,,,,,,,,,,,,,,,,0.117,,,,
501,4353,,9791.164039118,1743597364.5626366,,,,,,,,,,,,,,,,,,,,,,,,,,,,,,99.0,,,,,,,,,,,,,,,,,,,,,,,,,,0.9999,,,,,,,,,,,
502,4359,,9801.281101115,1743597374.679385,,,,,,,,,,,,,,,,,,,,,,,,,,,,,,100.0,,,,,,,,,,,,,,,,,,,,,,,,,,,,,,,,,,0.0,,,
503,4363,,9801.281208155,1743597374.679741,,,,,,,,,,,,,,,,,,,,,,,,,,,,,,100.0,,,,,,,,,,,,,,,,,,,,,,,,,0.9998875260353088,,,,,,,,,,,,
504,4395,,9811.070114874,1743597384.4687078,,,,,,,,,,,,,,,,,,,,,,,,,,,,,,101.0,,,,,,,,,,,,,,,,,,,,,,0.0003,,,,,,,,,,,,,,,
505,4400,,9821.178033889,1743597394.5765786,,,,,,,,,,,,,,,,,,,,,,,,,,,,,,102.0,,,,,,,,,,,,,,,,,,,,,,,,1.0,,,,,,,,,,,,,
506,4410,,9821.178547642,1743597394.5771484,,,,,,,,,,,,,,,,,,,,,,,,,,,,,,102.0,,,,,,,,,,,,,,,,,,,,,,,,,,1.0,,,,,,,,,,,
507,4411,,9821.178587262,1743597394.5771928,,,,,,,,,,,,,,,,,,,,,,,,,,,,,,102.0,,,,,,,,,,,,,,,,,,,,,,,,,,,,,,,,,,,,0.9998,
508,4425,,9831.225185027,1743597404.623765,,,,,,,,,,,,,,,,,,,,,,,,,,,,,,103.0,,,,,,,,,,,,,,,,,,,,,,,,,,,,1.0,,,,,,,,,
509,4426,,9831.225225557,1743597404.6238103,,,,,,,,,,,,,,,,,,,,,,,,,,,,,,103.0,,,,,,,,,,,,,,,,,,,,,,,,,,,,,,,0.0475,,,,,,
510,4432,,9831.225499278,1743597404.624082,,,,,,,,,,,,,,,,,,,,,,,,,,,,,,103.0,,,,,,,,,,,,,,,,,,,,,0.0001,,,,,,,,,,,,,,,,
511,4435,,9841.765666263,1743597415.1640584,,,,,,,,,,,,,,,,,,,,,,,,,,,,,,104.0,,,,,,,,,,,,,,,,,,,,,,,,,,,,,,,,,,0.0,,,
512,4444,,9841.766206986,1743597415.1647737,,,,,,,,,,,,,,,,,,,,,,,,,,,,,,104.0,,,,,,,,,,,,,,,,,,,,,,,,,,,,1.0,,,,,,,,,
513,4448,,9841.766355955,1743597415.1649456,,,,,,,,,,,,,,,,,,,,,,,,,,,,,,104.0,,,,,,,,,,,,,,,,,,,,,,,,,,1.0,,,,,,,,,,,
514,4454,,9851.768497787,1743597425.166958,,,,,,,,,,,,,,,,,,,,,,,,,,,,,,105.0,,,,,,,,,,,,,,,,,,,,,,,,,,,,,,,,,,0.0,,,
515,4456,,9851.768961249,1743597425.167451,,,,,,,,,,,,,,,,,,,,,,,,,,,,,,105.0,,,,,,,,,,,,,,,,,,,,0.24447837471961975,,,,,,,,,,,,,,,,,
516,4477,,9861.781104575,1743597435.1796153,,,,,,,,,,,,,,,,,,,,,,,,,,,,,,106.0,,,,,,,,,,,,,,,,,,,,,,,,,0.9999630451202391,,,,,,,,,,,,
517,4480,,9861.781678147,1743597435.1802256,,,,,,,,,,,,,,,,,,,,,,,,,,,,,,106.0,,,,,,,,,,,,,,,,,,,,,,,,,,,,,,,,,,,,,0.9998195773599656
518,4484,,9861.782324809,1743597435.1808903,,,,,,,,,,,,,,,,,,,,,,,,,,,,,,106.0,,,,,,,,,,,,,,,,,,,,,,,,,,,,,,,,,0.1167,,,,
519,4485,,9861.782485129,1743597435.181052,,,,,,,,,,,,,,,,,,,,,,,,,,,,,,106.0,,,,,,,,,,,,,,,,,,,0.2023,,,,,,,,,,,,,,,,,,
520,4501,,9871.957053157,1743597445.3556423,,,,,,,,,,,,,,,,,,,,,,,,,,,,,,107.0,,,,,,,,,,,,,,,,,,,,,,,,,,,,1.0,,,,,,,,,
521,4512,,9882.003291641,1743597455.401822,,,,,,,,,,,,,,,,,,,,,,,,,,,,,,108.0,,,,,,,,,,,,,,,,,,,,,,,,,,,,,0.031356170773506165,,,,,,,,
522,4517,,9882.003702583,1743597455.402275,,,,,,,,,,,,,,,,,,,,,,,,,,,,,,108.0,,,,,,,,,,,,,,,,,,,,,,,,,,,,,,1.0,,,,,,,
523,4534,,9892.20413622,1743597465.6011631,,,,,,,,,,,,,,,,,,,,,,,,,,,,,,109.0,,,,,,,,,,,,,,,,,,,,,,,,,0.9999892115592957,,,,,,,,,,,,
524,4559,,9902.600177274,1743597475.998727,,,,,,,,,,,,,,,,,,,,,,,,,,,,,,110.0,,,,,,,,,,,,,,,,,,,,,,,,,,,,,,,0.0473,,,,,,
525,4564,,9902.601084398,1743597475.9996383,,,,,,,,,,,,,,,,,,,,,,,,,,,,,,110.0,,,,,,,,,,,,,,,,,,,,,,,,,,,,,,,,0.0,,,,,
526,4566,,9902.601435019,1743597475.9999835,,,,,,,,,,,,,,,,,,,,,,,,,,,,,,110.0,,,,,,,,,,,,,,,,,,,,,,0.0,,,,,,,,,,,,,,,
527,4600,,9922.777615726,1743597496.176159,,,,,,,,,,,,,,,,,,,,,,,,,,,,,,112.0,,,,,,,,,,,,,,,,,,,,,,,,,,1.0,,,,,,,,,,,
